data_resize/IDRiD_19_p124.jpg,mask/IDRiD_19_p124.jpg
data_resize/IDRiD_39_p140.jpg,mask/IDRiD_39_p140.jpg
data_resize/IDRiD_04_p119.jpg,mask/IDRiD_04_p119.jpg
data_resize/IDRiD_19_p130.jpg,mask/IDRiD_19_p130.jpg
data_resize/IDRiD_NAR_026_p69.jpg,mask/IDRiD_NAR_026_p69.jpg
data_resize/IDRiD_38_1024p30.jpg,mask/IDRiD_38_1024p30.jpg
data_resize/IDRiD_25_p8.jpg,mask/IDRiD_25_p8.jpg
data_resize/IDRiD_25_1024p4.jpg,mask/IDRiD_25_1024p4.jpg
data_resize/IDRiD_NAR_066_1024p16.jpg,mask/IDRiD_NAR_066_1024p16.jpg
data_resize/IDRiD_NAR_075_1024p2.jpg,mask/IDRiD_NAR_075_1024p2.jpg
data_resize/IDRiD_03_p148.jpg,mask/IDRiD_03_p148.jpg
data_resize/IDRiD_32_p147.jpg,mask/IDRiD_32_p147.jpg
data_resize/IDRiD_NAR_083_p144.jpg,mask/IDRiD_NAR_083_p144.jpg
data_resize/IDRiD_53_p108.jpg,mask/IDRiD_53_p108.jpg
data_resize/IDRiD_NAR_020_p43.jpg,mask/IDRiD_NAR_020_p43.jpg
data_resize/IDRiD_48_p149.jpg,mask/IDRiD_48_p149.jpg
data_resize/IDRiD_17_1024p22.jpg,mask/IDRiD_17_1024p22.jpg
data_resize/IDRiD_41_1024p30.jpg,mask/IDRiD_41_1024p30.jpg
data_resize/IDRiD_31_1024p16.jpg,mask/IDRiD_31_1024p16.jpg
data_resize/IDRiD_50_p58.jpg,mask/IDRiD_50_p58.jpg
data_resize/IDRiD_22_1024p2.jpg,mask/IDRiD_22_1024p2.jpg
data_resize/IDRiD_13_p35.jpg,mask/IDRiD_13_p35.jpg
data_resize/IDRiD_40_1024p35.jpg,mask/IDRiD_40_1024p35.jpg
data_resize/IDRiD_NAR_008_p157.jpg,mask/IDRiD_NAR_008_p157.jpg
data_resize/IDRiD_29_p119.jpg,mask/IDRiD_29_p119.jpg
data_resize/IDRiD_NAR_032_1024p31.jpg,mask/IDRiD_NAR_032_1024p31.jpg
data_resize/IDRiD_05_1024p1.jpg,mask/IDRiD_05_1024p1.jpg
data_resize/IDRiD_32_p124.jpg,mask/IDRiD_32_p124.jpg
data_resize/IDRiD_22_p129.jpg,mask/IDRiD_22_p129.jpg
data_resize/IDRiD_NAR_014_p119.jpg,mask/IDRiD_NAR_014_p119.jpg
data_resize/IDRiD_39_1024p0.jpg,mask/IDRiD_39_1024p0.jpg
data_resize/IDRiD_17_p34.jpg,mask/IDRiD_17_p34.jpg
data_resize/IDRiD_NAR_047_1024p32.jpg,mask/IDRiD_NAR_047_1024p32.jpg
data_resize/IDRiD_NAR_037_p54.jpg,mask/IDRiD_NAR_037_p54.jpg
data_resize/IDRiD_38_p109.jpg,mask/IDRiD_38_p109.jpg
data_resize/IDRiD_48_1024p3.jpg,mask/IDRiD_48_1024p3.jpg
data_resize/IDRiD_50_1024p13.jpg,mask/IDRiD_50_1024p13.jpg
data_resize/IDRiD_NAR_034_1024p28.jpg,mask/IDRiD_NAR_034_1024p28.jpg
data_resize/IDRiD_19_p123.jpg,mask/IDRiD_19_p123.jpg
data_resize/IDRiD_NAR_063_1024p3.jpg,mask/IDRiD_NAR_063_1024p3.jpg
data_resize/IDRiD_49_1024p1.jpg,mask/IDRiD_49_1024p1.jpg
data_resize/IDRiD_16_1024p9.jpg,mask/IDRiD_16_1024p9.jpg
data_resize/IDRiD_51_p130.jpg,mask/IDRiD_51_p130.jpg
data_resize/IDRiD_15_p58.jpg,mask/IDRiD_15_p58.jpg
data_resize/IDRiD_19_p21.jpg,mask/IDRiD_19_p21.jpg
data_resize/IDRiD_08_p41.jpg,mask/IDRiD_08_p41.jpg
data_resize/IDRiD_51_p136.jpg,mask/IDRiD_51_p136.jpg
data_resize/IDRiD_NAR_039_1024p36.jpg,mask/IDRiD_NAR_039_1024p36.jpg
data_resize/IDRiD_35_1024p10.jpg,mask/IDRiD_35_1024p10.jpg
data_resize/IDRiD_13_1024p35.jpg,mask/IDRiD_13_1024p35.jpg
data_resize/IDRiD_30_p139.jpg,mask/IDRiD_30_p139.jpg
data_resize/IDRiD_NAR_064_1024p16.jpg,mask/IDRiD_NAR_064_1024p16.jpg
data_resize/IDRiD_32_1024p3.jpg,mask/IDRiD_32_1024p3.jpg
data_resize/IDRiD_50_1024p19.jpg,mask/IDRiD_50_1024p19.jpg
data_resize/IDRiD_48_1024p22.jpg,mask/IDRiD_48_1024p22.jpg
data_resize/IDRiD_NAR_030_1024p15.jpg,mask/IDRiD_NAR_030_1024p15.jpg
data_resize/IDRiD_13_p85.jpg,mask/IDRiD_13_p85.jpg
data_resize/IDRiD_NAR_078_p91.jpg,mask/IDRiD_NAR_078_p91.jpg
data_resize/IDRiD_40_1024p36.jpg,mask/IDRiD_40_1024p36.jpg
data_resize/IDRiD_20_p147.jpg,mask/IDRiD_20_p147.jpg
data_resize/IDRiD_NAR_019_p155.jpg,mask/IDRiD_NAR_019_p155.jpg
data_resize/IDRiD_NAR_089_1024p17.jpg,mask/IDRiD_NAR_089_1024p17.jpg
data_resize/IDRiD_32_p132.jpg,mask/IDRiD_32_p132.jpg
data_resize/IDRiD_NAR_041_1024p35.jpg,mask/IDRiD_NAR_041_1024p35.jpg
data_resize/IDRiD_20_p108.jpg,mask/IDRiD_20_p108.jpg
data_resize/IDRiD_40_p105.jpg,mask/IDRiD_40_p105.jpg
data_resize/IDRiD_13_p2.jpg,mask/IDRiD_13_p2.jpg
data_resize/IDRiD_46_1024p30.jpg,mask/IDRiD_46_1024p30.jpg
data_resize/IDRiD_32_p137.jpg,mask/IDRiD_32_p137.jpg
data_resize/IDRiD_22_p132.jpg,mask/IDRiD_22_p132.jpg
data_resize/IDRiD_38_1024p39.jpg,mask/IDRiD_38_1024p39.jpg
data_resize/IDRiD_50_1024p4.jpg,mask/IDRiD_50_1024p4.jpg
data_resize/IDRiD_NAR_049_1024p18.jpg,mask/IDRiD_NAR_049_1024p18.jpg
data_resize/IDRiD_20_1024p39.jpg,mask/IDRiD_20_1024p39.jpg
data_resize/IDRiD_22_1024p0.jpg,mask/IDRiD_22_1024p0.jpg
data_resize/IDRiD_NAR_087_1024p24.jpg,mask/IDRiD_NAR_087_1024p24.jpg
data_resize/IDRiD_19_p114.jpg,mask/IDRiD_19_p114.jpg
data_resize/IDRiD_NAR_079_p58.jpg,mask/IDRiD_NAR_079_p58.jpg
data_resize/IDRiD_17_1024p23.jpg,mask/IDRiD_17_1024p23.jpg
data_resize/IDRiD_38_p133.jpg,mask/IDRiD_38_p133.jpg
data_resize/IDRiD_29_p157.jpg,mask/IDRiD_29_p157.jpg
data_resize/IDRiD_NAR_009_p139.jpg,mask/IDRiD_NAR_009_p139.jpg
data_resize/IDRiD_31_1024p24.jpg,mask/IDRiD_31_1024p24.jpg
data_resize/IDRiD_18_p118.jpg,mask/IDRiD_18_p118.jpg
data_resize/IDRiD_NAR_034_p156.jpg,mask/IDRiD_NAR_034_p156.jpg
data_resize/IDRiD_31_p8.jpg,mask/IDRiD_31_p8.jpg
data_resize/IDRiD_NAR_063_1024p31.jpg,mask/IDRiD_NAR_063_1024p31.jpg
data_resize/IDRiD_NAR_085_p116.jpg,mask/IDRiD_NAR_085_p116.jpg
data_resize/IDRiD_51_1024p34.jpg,mask/IDRiD_51_1024p34.jpg
data_resize/IDRiD_50_p25.jpg,mask/IDRiD_50_p25.jpg
data_resize/IDRiD_38_p74.jpg,mask/IDRiD_38_p74.jpg
data_resize/IDRiD_47_1024p4.jpg,mask/IDRiD_47_1024p4.jpg
data_resize/IDRiD_NAR_089_p29.jpg,mask/IDRiD_NAR_089_p29.jpg
data_resize/IDRiD_51_1024p4.jpg,mask/IDRiD_51_1024p4.jpg
data_resize/IDRiD_NAR_051_p115.jpg,mask/IDRiD_NAR_051_p115.jpg
data_resize/IDRiD_50_1024p6.jpg,mask/IDRiD_50_1024p6.jpg
data_resize/IDRiD_NAR_019_p146.jpg,mask/IDRiD_NAR_019_p146.jpg
data_resize/IDRiD_48_p20.jpg,mask/IDRiD_48_p20.jpg
data_resize/IDRiD_49_p54.jpg,mask/IDRiD_49_p54.jpg
data_resize/IDRiD_06_1024p9.jpg,mask/IDRiD_06_1024p9.jpg
data_resize/IDRiD_NAR_065_1024p29.jpg,mask/IDRiD_NAR_065_1024p29.jpg
data_resize/IDRiD_NAR_031_p135.jpg,mask/IDRiD_NAR_031_p135.jpg
data_resize/IDRiD_51_p82.jpg,mask/IDRiD_51_p82.jpg
data_resize/IDRiD_39_p156.jpg,mask/IDRiD_39_p156.jpg
data_resize/IDRiD_06_p29.jpg,mask/IDRiD_06_p29.jpg
data_resize/IDRiD_35_p68.jpg,mask/IDRiD_35_p68.jpg
data_resize/IDRiD_46_1024p32.jpg,mask/IDRiD_46_1024p32.jpg
data_resize/IDRiD_NAR_020_p97.jpg,mask/IDRiD_NAR_020_p97.jpg
data_resize/IDRiD_29_1024p6.jpg,mask/IDRiD_29_1024p6.jpg
data_resize/IDRiD_52_p73.jpg,mask/IDRiD_52_p73.jpg
data_resize/IDRiD_35_p132.jpg,mask/IDRiD_35_p132.jpg
data_resize/IDRiD_31_1024p33.jpg,mask/IDRiD_31_1024p33.jpg
data_resize/IDRiD_NAR_049_p134.jpg,mask/IDRiD_NAR_049_p134.jpg
data_resize/IDRiD_38_p93.jpg,mask/IDRiD_38_p93.jpg
data_resize/IDRiD_33_1024p25.jpg,mask/IDRiD_33_1024p25.jpg
data_resize/IDRiD_31_1024p5.jpg,mask/IDRiD_31_1024p5.jpg
data_resize/IDRiD_46_p23.jpg,mask/IDRiD_46_p23.jpg
data_resize/IDRiD_NAR_062_1024p16.jpg,mask/IDRiD_NAR_062_1024p16.jpg
data_resize/IDRiD_NAR_029_p109.jpg,mask/IDRiD_NAR_029_p109.jpg
data_resize/IDRiD_46_1024p38.jpg,mask/IDRiD_46_1024p38.jpg
data_resize/IDRiD_51_p81.jpg,mask/IDRiD_51_p81.jpg
data_resize/IDRiD_35_1024p3.jpg,mask/IDRiD_35_1024p3.jpg
data_resize/IDRiD_NAR_081_p9.jpg,mask/IDRiD_NAR_081_p9.jpg
data_resize/IDRiD_NAR_052_1024p23.jpg,mask/IDRiD_NAR_052_1024p23.jpg
data_resize/IDRiD_47_p32.jpg,mask/IDRiD_47_p32.jpg
data_resize/IDRiD_23_p74.jpg,mask/IDRiD_23_p74.jpg
data_resize/IDRiD_51_p135.jpg,mask/IDRiD_51_p135.jpg
data_resize/IDRiD_35_p8.jpg,mask/IDRiD_35_p8.jpg
data_resize/IDRiD_NAR_078_p130.jpg,mask/IDRiD_NAR_078_p130.jpg
data_resize/IDRiD_NAR_079_p155.jpg,mask/IDRiD_NAR_079_p155.jpg
data_resize/IDRiD_NAR_032_p51.jpg,mask/IDRiD_NAR_032_p51.jpg
data_resize/IDRiD_29_1024p24.jpg,mask/IDRiD_29_1024p24.jpg
data_resize/IDRiD_38_1024p21.jpg,mask/IDRiD_38_1024p21.jpg
data_resize/IDRiD_NAR_042_1024p26.jpg,mask/IDRiD_NAR_042_1024p26.jpg
data_resize/IDRiD_NAR_026_p158.jpg,mask/IDRiD_NAR_026_p158.jpg
data_resize/IDRiD_NAR_059_1024p37.jpg,mask/IDRiD_NAR_059_1024p37.jpg
data_resize/IDRiD_25_p84.jpg,mask/IDRiD_25_p84.jpg
data_resize/IDRiD_NAR_063_p84.jpg,mask/IDRiD_NAR_063_p84.jpg
data_resize/IDRiD_51_1024p16.jpg,mask/IDRiD_51_1024p16.jpg
data_resize/IDRiD_NAR_043_p151.jpg,mask/IDRiD_NAR_043_p151.jpg
data_resize/IDRiD_NAR_041_p17.jpg,mask/IDRiD_NAR_041_p17.jpg
data_resize/IDRiD_NAR_009_p9.jpg,mask/IDRiD_NAR_009_p9.jpg
data_resize/IDRiD_NAR_066_1024p8.jpg,mask/IDRiD_NAR_066_1024p8.jpg
data_resize/IDRiD_NAR_061_p7.jpg,mask/IDRiD_NAR_061_p7.jpg
data_resize/IDRiD_18_p75.jpg,mask/IDRiD_18_p75.jpg
data_resize/IDRiD_50_1024p38.jpg,mask/IDRiD_50_1024p38.jpg
data_resize/IDRiD_14_p26.jpg,mask/IDRiD_14_p26.jpg
data_resize/IDRiD_32_p153.jpg,mask/IDRiD_32_p153.jpg
data_resize/IDRiD_NAR_088_p42.jpg,mask/IDRiD_NAR_088_p42.jpg
data_resize/IDRiD_52_p157.jpg,mask/IDRiD_52_p157.jpg
data_resize/IDRiD_08_p23.jpg,mask/IDRiD_08_p23.jpg
data_resize/IDRiD_NAR_074_p134.jpg,mask/IDRiD_NAR_074_p134.jpg
data_resize/IDRiD_48_p93.jpg,mask/IDRiD_48_p93.jpg
data_resize/IDRiD_48_p84.jpg,mask/IDRiD_48_p84.jpg
data_resize/IDRiD_35_1024p26.jpg,mask/IDRiD_35_1024p26.jpg
data_resize/IDRiD_46_p125.jpg,mask/IDRiD_46_p125.jpg
data_resize/IDRiD_NAR_049_1024p29.jpg,mask/IDRiD_NAR_049_1024p29.jpg
data_resize/IDRiD_NAR_024_p4.jpg,mask/IDRiD_NAR_024_p4.jpg
data_resize/IDRiD_NAR_048_1024p34.jpg,mask/IDRiD_NAR_048_1024p34.jpg
data_resize/IDRiD_NAR_060_p84.jpg,mask/IDRiD_NAR_060_p84.jpg
data_resize/IDRiD_44_p54.jpg,mask/IDRiD_44_p54.jpg
data_resize/IDRiD_49_1024p2.jpg,mask/IDRiD_49_1024p2.jpg
data_resize/IDRiD_NAR_077_1024p2.jpg,mask/IDRiD_NAR_077_1024p2.jpg
data_resize/IDRiD_NAR_007_1024p23.jpg,mask/IDRiD_NAR_007_1024p23.jpg
data_resize/IDRiD_23_p43.jpg,mask/IDRiD_23_p43.jpg
data_resize/IDRiD_NAR_034_p157.jpg,mask/IDRiD_NAR_034_p157.jpg
data_resize/IDRiD_NAR_057_1024p38.jpg,mask/IDRiD_NAR_057_1024p38.jpg
data_resize/IDRiD_50_1024p5.jpg,mask/IDRiD_50_1024p5.jpg
data_resize/IDRiD_19_1024p24.jpg,mask/IDRiD_19_1024p24.jpg
data_resize/IDRiD_39_p116.jpg,mask/IDRiD_39_p116.jpg
data_resize/IDRiD_19_p154.jpg,mask/IDRiD_19_p154.jpg
data_resize/IDRiD_32_1024p27.jpg,mask/IDRiD_32_1024p27.jpg
data_resize/IDRiD_43_p73.jpg,mask/IDRiD_43_p73.jpg
data_resize/IDRiD_17_p92.jpg,mask/IDRiD_17_p92.jpg
data_resize/IDRiD_35_p148.jpg,mask/IDRiD_35_p148.jpg
data_resize/IDRiD_18_1024p22.jpg,mask/IDRiD_18_1024p22.jpg
data_resize/IDRiD_39_p26.jpg,mask/IDRiD_39_p26.jpg
data_resize/IDRiD_17_p121.jpg,mask/IDRiD_17_p121.jpg
data_resize/IDRiD_NAR_018_p93.jpg,mask/IDRiD_NAR_018_p93.jpg
data_resize/IDRiD_22_p35.jpg,mask/IDRiD_22_p35.jpg
data_resize/IDRiD_25_p116.jpg,mask/IDRiD_25_p116.jpg
data_resize/IDRiD_NAR_005_1024p25.jpg,mask/IDRiD_NAR_005_1024p25.jpg
data_resize/IDRiD_34_p83.jpg,mask/IDRiD_34_p83.jpg
data_resize/IDRiD_NAR_019_p39.jpg,mask/IDRiD_NAR_019_p39.jpg
data_resize/IDRiD_31_1024p17.jpg,mask/IDRiD_31_1024p17.jpg
data_resize/IDRiD_NAR_007_p33.jpg,mask/IDRiD_NAR_007_p33.jpg
data_resize/IDRiD_NAR_078_1024p10.jpg,mask/IDRiD_NAR_078_1024p10.jpg
data_resize/IDRiD_17_1024p9.jpg,mask/IDRiD_17_1024p9.jpg
data_resize/IDRiD_NAR_031_p39.jpg,mask/IDRiD_NAR_031_p39.jpg
data_resize/IDRiD_13_p124.jpg,mask/IDRiD_13_p124.jpg
data_resize/IDRiD_35_1024p18.jpg,mask/IDRiD_35_1024p18.jpg
data_resize/IDRiD_35_1024p11.jpg,mask/IDRiD_35_1024p11.jpg
data_resize/IDRiD_13_p34.jpg,mask/IDRiD_13_p34.jpg
data_resize/IDRiD_25_p2.jpg,mask/IDRiD_25_p2.jpg
data_resize/IDRiD_51_p25.jpg,mask/IDRiD_51_p25.jpg
data_resize/IDRiD_46_1024p10.jpg,mask/IDRiD_46_1024p10.jpg
data_resize/IDRiD_NAR_014_p79.jpg,mask/IDRiD_NAR_014_p79.jpg
data_resize/IDRiD_NAR_024_1024p18.jpg,mask/IDRiD_NAR_024_1024p18.jpg
data_resize/IDRiD_NAR_031_1024p35.jpg,mask/IDRiD_NAR_031_1024p35.jpg
data_resize/IDRiD_08_1024p18.jpg,mask/IDRiD_08_1024p18.jpg
data_resize/IDRiD_08_p20.jpg,mask/IDRiD_08_p20.jpg
data_resize/IDRiD_34_p62.jpg,mask/IDRiD_34_p62.jpg
data_resize/IDRiD_22_p146.jpg,mask/IDRiD_22_p146.jpg
data_resize/IDRiD_49_p5.jpg,mask/IDRiD_49_p5.jpg
data_resize/IDRiD_25_p24.jpg,mask/IDRiD_25_p24.jpg
data_resize/IDRiD_33_p24.jpg,mask/IDRiD_33_p24.jpg
data_resize/IDRiD_31_p81.jpg,mask/IDRiD_31_p81.jpg
data_resize/IDRiD_38_1024p6.jpg,mask/IDRiD_38_1024p6.jpg
data_resize/IDRiD_NAR_045_p18.jpg,mask/IDRiD_NAR_045_p18.jpg
data_resize/IDRiD_NAR_078_1024p8.jpg,mask/IDRiD_NAR_078_1024p8.jpg
data_resize/IDRiD_NAR_051_1024p8.jpg,mask/IDRiD_NAR_051_1024p8.jpg
data_resize/IDRiD_NAR_003_p26.jpg,mask/IDRiD_NAR_003_p26.jpg
data_resize/IDRiD_48_1024p9.jpg,mask/IDRiD_48_1024p9.jpg
data_resize/IDRiD_NAR_073_1024p15.jpg,mask/IDRiD_NAR_073_1024p15.jpg
data_resize/IDRiD_NAR_080_p78.jpg,mask/IDRiD_NAR_080_p78.jpg
data_resize/IDRiD_NAR_086_p81.jpg,mask/IDRiD_NAR_086_p81.jpg
data_resize/IDRiD_46_1024p28.jpg,mask/IDRiD_46_1024p28.jpg
data_resize/IDRiD_19_1024p30.jpg,mask/IDRiD_19_1024p30.jpg
data_resize/IDRiD_NAR_007_p74.jpg,mask/IDRiD_NAR_007_p74.jpg
data_resize/IDRiD_17_1024p14.jpg,mask/IDRiD_17_1024p14.jpg
data_resize/IDRiD_17_p139.jpg,mask/IDRiD_17_p139.jpg
data_resize/IDRiD_22_1024p5.jpg,mask/IDRiD_22_1024p5.jpg
data_resize/IDRiD_17_p35.jpg,mask/IDRiD_17_p35.jpg
data_resize/IDRiD_NAR_001_1024p36.jpg,mask/IDRiD_NAR_001_1024p36.jpg
data_resize/IDRiD_35_p38.jpg,mask/IDRiD_35_p38.jpg
data_resize/IDRiD_NAR_006_p147.jpg,mask/IDRiD_NAR_006_p147.jpg
data_resize/IDRiD_35_1024p33.jpg,mask/IDRiD_35_1024p33.jpg
data_resize/IDRiD_48_p69.jpg,mask/IDRiD_48_p69.jpg
data_resize/IDRiD_NAR_006_1024p33.jpg,mask/IDRiD_NAR_006_1024p33.jpg
data_resize/IDRiD_14_p10.jpg,mask/IDRiD_14_p10.jpg
data_resize/IDRiD_22_p4.jpg,mask/IDRiD_22_p4.jpg
data_resize/IDRiD_50_1024p39.jpg,mask/IDRiD_50_1024p39.jpg
data_resize/IDRiD_NAR_087_p27.jpg,mask/IDRiD_NAR_087_p27.jpg
data_resize/IDRiD_NAR_004_p153.jpg,mask/IDRiD_NAR_004_p153.jpg
data_resize/IDRiD_44_1024p17.jpg,mask/IDRiD_44_1024p17.jpg
data_resize/IDRiD_18_p131.jpg,mask/IDRiD_18_p131.jpg
data_resize/IDRiD_02_1024p32.jpg,mask/IDRiD_02_1024p32.jpg
data_resize/IDRiD_19_p39.jpg,mask/IDRiD_19_p39.jpg
data_resize/IDRiD_35_p85.jpg,mask/IDRiD_35_p85.jpg
data_resize/IDRiD_NAR_018_p74.jpg,mask/IDRiD_NAR_018_p74.jpg
data_resize/IDRiD_39_1024p34.jpg,mask/IDRiD_39_1024p34.jpg
data_resize/IDRiD_NAR_052_1024p29.jpg,mask/IDRiD_NAR_052_1024p29.jpg
data_resize/IDRiD_30_p138.jpg,mask/IDRiD_30_p138.jpg
data_resize/IDRiD_19_p141.jpg,mask/IDRiD_19_p141.jpg
data_resize/IDRiD_53_1024p31.jpg,mask/IDRiD_53_1024p31.jpg
data_resize/IDRiD_51_1024p19.jpg,mask/IDRiD_51_1024p19.jpg
data_resize/IDRiD_NAR_083_1024p31.jpg,mask/IDRiD_NAR_083_1024p31.jpg
data_resize/IDRiD_NAR_078_p72.jpg,mask/IDRiD_NAR_078_p72.jpg
data_resize/IDRiD_23_p113.jpg,mask/IDRiD_23_p113.jpg
data_resize/IDRiD_NAR_032_p149.jpg,mask/IDRiD_NAR_032_p149.jpg
data_resize/IDRiD_NAR_085_1024p4.jpg,mask/IDRiD_NAR_085_1024p4.jpg
data_resize/IDRiD_22_1024p34.jpg,mask/IDRiD_22_1024p34.jpg
data_resize/IDRiD_NAR_021_1024p25.jpg,mask/IDRiD_NAR_021_1024p25.jpg
data_resize/IDRiD_46_1024p24.jpg,mask/IDRiD_46_1024p24.jpg
data_resize/IDRiD_NAR_003_p106.jpg,mask/IDRiD_NAR_003_p106.jpg
data_resize/IDRiD_NAR_027_p97.jpg,mask/IDRiD_NAR_027_p97.jpg
data_resize/IDRiD_51_p24.jpg,mask/IDRiD_51_p24.jpg
data_resize/IDRiD_NAR_029_p110.jpg,mask/IDRiD_NAR_029_p110.jpg
data_resize/IDRiD_NAR_070_p13.jpg,mask/IDRiD_NAR_070_p13.jpg
data_resize/IDRiD_32_p146.jpg,mask/IDRiD_32_p146.jpg
data_resize/IDRiD_46_1024p36.jpg,mask/IDRiD_46_1024p36.jpg
data_resize/IDRiD_09_p147.jpg,mask/IDRiD_09_p147.jpg
data_resize/IDRiD_NAR_028_p64.jpg,mask/IDRiD_NAR_028_p64.jpg
data_resize/IDRiD_NAR_013_p77.jpg,mask/IDRiD_NAR_013_p77.jpg
data_resize/IDRiD_51_p151.jpg,mask/IDRiD_51_p151.jpg
data_resize/IDRiD_51_1024p17.jpg,mask/IDRiD_51_1024p17.jpg
data_resize/IDRiD_31_1024p29.jpg,mask/IDRiD_31_1024p29.jpg
data_resize/IDRiD_54_p149.jpg,mask/IDRiD_54_p149.jpg
data_resize/IDRiD_30_1024p4.jpg,mask/IDRiD_30_1024p4.jpg
data_resize/IDRiD_38_1024p13.jpg,mask/IDRiD_38_1024p13.jpg
data_resize/IDRiD_NAR_061_p68.jpg,mask/IDRiD_NAR_061_p68.jpg
data_resize/IDRiD_NAR_072_p55.jpg,mask/IDRiD_NAR_072_p55.jpg
data_resize/IDRiD_20_1024p10.jpg,mask/IDRiD_20_1024p10.jpg
data_resize/IDRiD_48_p67.jpg,mask/IDRiD_48_p67.jpg
data_resize/IDRiD_17_1024p35.jpg,mask/IDRiD_17_1024p35.jpg
data_resize/IDRiD_38_1024p11.jpg,mask/IDRiD_38_1024p11.jpg
data_resize/IDRiD_NAR_042_p41.jpg,mask/IDRiD_NAR_042_p41.jpg
data_resize/IDRiD_NAR_042_p128.jpg,mask/IDRiD_NAR_042_p128.jpg
data_resize/IDRiD_22_1024p7.jpg,mask/IDRiD_22_1024p7.jpg
data_resize/IDRiD_13_p86.jpg,mask/IDRiD_13_p86.jpg
data_resize/IDRiD_13_p71.jpg,mask/IDRiD_13_p71.jpg
data_resize/IDRiD_22_1024p24.jpg,mask/IDRiD_22_1024p24.jpg
data_resize/IDRiD_50_p69.jpg,mask/IDRiD_50_p69.jpg
data_resize/IDRiD_13_p104.jpg,mask/IDRiD_13_p104.jpg
data_resize/IDRiD_48_1024p11.jpg,mask/IDRiD_48_1024p11.jpg
data_resize/IDRiD_08_p71.jpg,mask/IDRiD_08_p71.jpg
data_resize/IDRiD_32_p152.jpg,mask/IDRiD_32_p152.jpg
data_resize/IDRiD_50_1024p23.jpg,mask/IDRiD_50_1024p23.jpg
data_resize/IDRiD_32_1024p28.jpg,mask/IDRiD_32_1024p28.jpg
data_resize/IDRiD_NAR_047_p148.jpg,mask/IDRiD_NAR_047_p148.jpg
data_resize/IDRiD_13_p148.jpg,mask/IDRiD_13_p148.jpg
data_resize/IDRiD_41_p53.jpg,mask/IDRiD_41_p53.jpg
data_resize/IDRiD_05_p124.jpg,mask/IDRiD_05_p124.jpg
data_resize/IDRiD_17_p120.jpg,mask/IDRiD_17_p120.jpg
data_resize/IDRiD_48_p132.jpg,mask/IDRiD_48_p132.jpg
data_resize/IDRiD_NAR_013_1024p33.jpg,mask/IDRiD_NAR_013_1024p33.jpg
data_resize/IDRiD_22_p9.jpg,mask/IDRiD_22_p9.jpg
data_resize/IDRiD_25_p90.jpg,mask/IDRiD_25_p90.jpg
data_resize/IDRiD_46_p130.jpg,mask/IDRiD_46_p130.jpg
data_resize/IDRiD_35_p116.jpg,mask/IDRiD_35_p116.jpg
data_resize/IDRiD_NAR_077_p68.jpg,mask/IDRiD_NAR_077_p68.jpg
data_resize/IDRiD_19_1024p25.jpg,mask/IDRiD_19_1024p25.jpg
data_resize/IDRiD_14_1024p4.jpg,mask/IDRiD_14_1024p4.jpg
data_resize/IDRiD_54_p129.jpg,mask/IDRiD_54_p129.jpg
data_resize/IDRiD_24_1024p3.jpg,mask/IDRiD_24_1024p3.jpg
data_resize/IDRiD_19_1024p29.jpg,mask/IDRiD_19_1024p29.jpg
data_resize/IDRiD_NAR_081_1024p2.jpg,mask/IDRiD_NAR_081_1024p2.jpg
data_resize/IDRiD_NAR_008_p135.jpg,mask/IDRiD_NAR_008_p135.jpg
data_resize/IDRiD_53_1024p21.jpg,mask/IDRiD_53_1024p21.jpg
data_resize/IDRiD_28_p152.jpg,mask/IDRiD_28_p152.jpg
data_resize/IDRiD_45_p42.jpg,mask/IDRiD_45_p42.jpg
data_resize/IDRiD_35_p7.jpg,mask/IDRiD_35_p7.jpg
data_resize/IDRiD_46_1024p11.jpg,mask/IDRiD_46_1024p11.jpg
data_resize/IDRiD_46_p34.jpg,mask/IDRiD_46_p34.jpg
data_resize/IDRiD_NAR_011_p58.jpg,mask/IDRiD_NAR_011_p58.jpg
data_resize/IDRiD_22_1024p9.jpg,mask/IDRiD_22_1024p9.jpg
data_resize/IDRiD_35_p23.jpg,mask/IDRiD_35_p23.jpg
data_resize/IDRiD_09_p29.jpg,mask/IDRiD_09_p29.jpg
data_resize/IDRiD_13_1024p30.jpg,mask/IDRiD_13_1024p30.jpg
data_resize/IDRiD_18_p21.jpg,mask/IDRiD_18_p21.jpg
data_resize/IDRiD_NAR_081_1024p19.jpg,mask/IDRiD_NAR_081_1024p19.jpg
data_resize/IDRiD_54_1024p25.jpg,mask/IDRiD_54_1024p25.jpg
data_resize/IDRiD_32_p11.jpg,mask/IDRiD_32_p11.jpg
data_resize/IDRiD_NAR_040_1024p13.jpg,mask/IDRiD_NAR_040_1024p13.jpg
data_resize/IDRiD_10_p32.jpg,mask/IDRiD_10_p32.jpg
data_resize/IDRiD_NAR_076_p49.jpg,mask/IDRiD_NAR_076_p49.jpg
data_resize/IDRiD_NAR_050_1024p24.jpg,mask/IDRiD_NAR_050_1024p24.jpg
data_resize/IDRiD_34_1024p37.jpg,mask/IDRiD_34_1024p37.jpg
data_resize/IDRiD_NAR_043_p18.jpg,mask/IDRiD_NAR_043_p18.jpg
data_resize/IDRiD_31_p64.jpg,mask/IDRiD_31_p64.jpg
data_resize/IDRiD_13_p18.jpg,mask/IDRiD_13_p18.jpg
data_resize/IDRiD_39_p129.jpg,mask/IDRiD_39_p129.jpg
data_resize/IDRiD_51_p70.jpg,mask/IDRiD_51_p70.jpg
data_resize/IDRiD_17_1024p30.jpg,mask/IDRiD_17_1024p30.jpg
data_resize/IDRiD_48_1024p25.jpg,mask/IDRiD_48_1024p25.jpg
data_resize/IDRiD_NAR_065_p155.jpg,mask/IDRiD_NAR_065_p155.jpg
data_resize/IDRiD_23_1024p14.jpg,mask/IDRiD_23_1024p14.jpg
data_resize/IDRiD_NAR_029_p154.jpg,mask/IDRiD_NAR_029_p154.jpg
data_resize/IDRiD_48_1024p31.jpg,mask/IDRiD_48_1024p31.jpg
data_resize/IDRiD_46_1024p31.jpg,mask/IDRiD_46_1024p31.jpg
data_resize/IDRiD_08_1024p4.jpg,mask/IDRiD_08_1024p4.jpg
data_resize/IDRiD_53_p109.jpg,mask/IDRiD_53_p109.jpg
data_resize/IDRiD_01_p32.jpg,mask/IDRiD_01_p32.jpg
data_resize/IDRiD_NAR_059_1024p11.jpg,mask/IDRiD_NAR_059_1024p11.jpg
data_resize/IDRiD_NAR_022_p37.jpg,mask/IDRiD_NAR_022_p37.jpg
data_resize/IDRiD_19_1024p32.jpg,mask/IDRiD_19_1024p32.jpg
data_resize/IDRiD_NAR_035_p42.jpg,mask/IDRiD_NAR_035_p42.jpg
data_resize/IDRiD_31_p102.jpg,mask/IDRiD_31_p102.jpg
data_resize/IDRiD_54_1024p23.jpg,mask/IDRiD_54_1024p23.jpg
data_resize/IDRiD_14_p67.jpg,mask/IDRiD_14_p67.jpg
data_resize/IDRiD_45_p142.jpg,mask/IDRiD_45_p142.jpg
data_resize/IDRiD_39_p43.jpg,mask/IDRiD_39_p43.jpg
data_resize/IDRiD_46_p115.jpg,mask/IDRiD_46_p115.jpg
data_resize/IDRiD_32_1024p13.jpg,mask/IDRiD_32_1024p13.jpg
data_resize/IDRiD_NAR_073_p59.jpg,mask/IDRiD_NAR_073_p59.jpg
data_resize/IDRiD_NAR_035_1024p25.jpg,mask/IDRiD_NAR_035_1024p25.jpg
data_resize/IDRiD_NAR_004_p119.jpg,mask/IDRiD_NAR_004_p119.jpg
data_resize/IDRiD_25_1024p20.jpg,mask/IDRiD_25_1024p20.jpg
data_resize/IDRiD_53_p125.jpg,mask/IDRiD_53_p125.jpg
data_resize/IDRiD_22_p18.jpg,mask/IDRiD_22_p18.jpg
data_resize/IDRiD_51_p87.jpg,mask/IDRiD_51_p87.jpg
data_resize/IDRiD_17_p87.jpg,mask/IDRiD_17_p87.jpg
data_resize/IDRiD_NAR_048_1024p32.jpg,mask/IDRiD_NAR_048_1024p32.jpg
data_resize/IDRiD_52_p156.jpg,mask/IDRiD_52_p156.jpg
data_resize/IDRiD_25_p88.jpg,mask/IDRiD_25_p88.jpg
data_resize/IDRiD_50_1024p10.jpg,mask/IDRiD_50_1024p10.jpg
data_resize/IDRiD_44_p151.jpg,mask/IDRiD_44_p151.jpg
data_resize/IDRiD_NAR_069_1024p29.jpg,mask/IDRiD_NAR_069_1024p29.jpg
data_resize/IDRiD_51_p65.jpg,mask/IDRiD_51_p65.jpg
data_resize/IDRiD_19_1024p31.jpg,mask/IDRiD_19_1024p31.jpg
data_resize/IDRiD_NAR_049_1024p28.jpg,mask/IDRiD_NAR_049_1024p28.jpg
data_resize/IDRiD_NAR_073_p82.jpg,mask/IDRiD_NAR_073_p82.jpg
data_resize/IDRiD_31_p147.jpg,mask/IDRiD_31_p147.jpg
data_resize/IDRiD_NAR_018_p92.jpg,mask/IDRiD_NAR_018_p92.jpg
data_resize/IDRiD_NAR_042_p114.jpg,mask/IDRiD_NAR_042_p114.jpg
data_resize/IDRiD_22_p20.jpg,mask/IDRiD_22_p20.jpg
data_resize/IDRiD_19_p53.jpg,mask/IDRiD_19_p53.jpg
data_resize/IDRiD_23_1024p20.jpg,mask/IDRiD_23_1024p20.jpg
data_resize/IDRiD_54_1024p24.jpg,mask/IDRiD_54_1024p24.jpg
data_resize/IDRiD_49_1024p10.jpg,mask/IDRiD_49_1024p10.jpg
data_resize/IDRiD_NAR_032_1024p6.jpg,mask/IDRiD_NAR_032_1024p6.jpg
data_resize/IDRiD_09_p35.jpg,mask/IDRiD_09_p35.jpg
data_resize/IDRiD_NAR_086_1024p11.jpg,mask/IDRiD_NAR_086_1024p11.jpg
data_resize/IDRiD_NAR_063_p109.jpg,mask/IDRiD_NAR_063_p109.jpg
data_resize/IDRiD_NAR_064_p156.jpg,mask/IDRiD_NAR_064_p156.jpg
data_resize/IDRiD_35_p22.jpg,mask/IDRiD_35_p22.jpg
data_resize/IDRiD_NAR_070_p68.jpg,mask/IDRiD_NAR_070_p68.jpg
data_resize/IDRiD_NAR_039_p124.jpg,mask/IDRiD_NAR_039_p124.jpg
data_resize/IDRiD_06_p31.jpg,mask/IDRiD_06_p31.jpg
data_resize/IDRiD_NAR_013_1024p20.jpg,mask/IDRiD_NAR_013_1024p20.jpg
data_resize/IDRiD_NAR_079_1024p11.jpg,mask/IDRiD_NAR_079_1024p11.jpg
data_resize/IDRiD_NAR_007_1024p31.jpg,mask/IDRiD_NAR_007_1024p31.jpg
data_resize/IDRiD_NAR_057_1024p16.jpg,mask/IDRiD_NAR_057_1024p16.jpg
data_resize/IDRiD_NAR_003_p131.jpg,mask/IDRiD_NAR_003_p131.jpg
data_resize/IDRiD_48_1024p21.jpg,mask/IDRiD_48_1024p21.jpg
data_resize/IDRiD_NAR_086_1024p36.jpg,mask/IDRiD_NAR_086_1024p36.jpg
data_resize/IDRiD_NAR_031_1024p23.jpg,mask/IDRiD_NAR_031_1024p23.jpg
data_resize/IDRiD_48_p53.jpg,mask/IDRiD_48_p53.jpg
data_resize/IDRiD_39_p145.jpg,mask/IDRiD_39_p145.jpg
data_resize/IDRiD_32_p24.jpg,mask/IDRiD_32_p24.jpg
data_resize/IDRiD_48_1024p29.jpg,mask/IDRiD_48_1024p29.jpg
data_resize/IDRiD_39_p155.jpg,mask/IDRiD_39_p155.jpg
data_resize/IDRiD_39_p130.jpg,mask/IDRiD_39_p130.jpg
data_resize/IDRiD_46_p22.jpg,mask/IDRiD_46_p22.jpg
data_resize/IDRiD_NAR_022_1024p8.jpg,mask/IDRiD_NAR_022_1024p8.jpg
data_resize/IDRiD_NAR_004_1024p2.jpg,mask/IDRiD_NAR_004_1024p2.jpg
data_resize/IDRiD_40_1024p25.jpg,mask/IDRiD_40_1024p25.jpg
data_resize/IDRiD_10_1024p36.jpg,mask/IDRiD_10_1024p36.jpg
data_resize/IDRiD_NAR_069_p69.jpg,mask/IDRiD_NAR_069_p69.jpg
data_resize/IDRiD_25_p107.jpg,mask/IDRiD_25_p107.jpg
data_resize/IDRiD_19_p113.jpg,mask/IDRiD_19_p113.jpg
data_resize/IDRiD_39_p148.jpg,mask/IDRiD_39_p148.jpg
data_resize/IDRiD_31_p44.jpg,mask/IDRiD_31_p44.jpg
data_resize/IDRiD_52_1024p31.jpg,mask/IDRiD_52_1024p31.jpg
data_resize/IDRiD_NAR_005_p27.jpg,mask/IDRiD_NAR_005_p27.jpg
data_resize/IDRiD_NAR_044_p73.jpg,mask/IDRiD_NAR_044_p73.jpg
data_resize/IDRiD_NAR_045_p123.jpg,mask/IDRiD_NAR_045_p123.jpg
data_resize/IDRiD_46_p139.jpg,mask/IDRiD_46_p139.jpg
data_resize/IDRiD_NAR_069_p112.jpg,mask/IDRiD_NAR_069_p112.jpg
data_resize/IDRiD_39_p124.jpg,mask/IDRiD_39_p124.jpg
data_resize/IDRiD_NAR_026_p51.jpg,mask/IDRiD_NAR_026_p51.jpg
data_resize/IDRiD_51_p66.jpg,mask/IDRiD_51_p66.jpg
data_resize/IDRiD_NAR_030_p29.jpg,mask/IDRiD_NAR_030_p29.jpg
data_resize/IDRiD_16_1024p35.jpg,mask/IDRiD_16_1024p35.jpg
data_resize/IDRiD_31_p12.jpg,mask/IDRiD_31_p12.jpg
data_resize/IDRiD_18_p135.jpg,mask/IDRiD_18_p135.jpg
data_resize/IDRiD_NAR_010_p135.jpg,mask/IDRiD_NAR_010_p135.jpg
data_resize/IDRiD_32_1024p4.jpg,mask/IDRiD_32_1024p4.jpg
data_resize/IDRiD_NAR_015_1024p35.jpg,mask/IDRiD_NAR_015_1024p35.jpg
data_resize/IDRiD_46_p131.jpg,mask/IDRiD_46_p131.jpg
data_resize/IDRiD_NAR_068_1024p8.jpg,mask/IDRiD_NAR_068_1024p8.jpg
data_resize/IDRiD_39_1024p39.jpg,mask/IDRiD_39_1024p39.jpg
data_resize/IDRiD_19_1024p10.jpg,mask/IDRiD_19_1024p10.jpg
data_resize/IDRiD_42_p55.jpg,mask/IDRiD_42_p55.jpg
data_resize/IDRiD_NAR_014_1024p39.jpg,mask/IDRiD_NAR_014_1024p39.jpg
data_resize/IDRiD_13_p105.jpg,mask/IDRiD_13_p105.jpg
data_resize/IDRiD_46_p24.jpg,mask/IDRiD_46_p24.jpg
data_resize/IDRiD_NAR_068_p45.jpg,mask/IDRiD_NAR_068_p45.jpg
data_resize/IDRiD_22_1024p14.jpg,mask/IDRiD_22_1024p14.jpg
data_resize/IDRiD_39_1024p31.jpg,mask/IDRiD_39_1024p31.jpg
data_resize/IDRiD_NAR_083_p57.jpg,mask/IDRiD_NAR_083_p57.jpg
data_resize/IDRiD_09_p79.jpg,mask/IDRiD_09_p79.jpg
data_resize/IDRiD_NAR_036_p53.jpg,mask/IDRiD_NAR_036_p53.jpg
data_resize/IDRiD_48_p36.jpg,mask/IDRiD_48_p36.jpg
data_resize/IDRiD_NAR_069_p44.jpg,mask/IDRiD_NAR_069_p44.jpg
data_resize/IDRiD_18_p12.jpg,mask/IDRiD_18_p12.jpg
data_resize/IDRiD_NAR_050_p129.jpg,mask/IDRiD_NAR_050_p129.jpg
data_resize/IDRiD_NAR_041_1024p33.jpg,mask/IDRiD_NAR_041_1024p33.jpg
data_resize/IDRiD_22_p151.jpg,mask/IDRiD_22_p151.jpg
data_resize/IDRiD_11_p82.jpg,mask/IDRiD_11_p82.jpg
data_resize/IDRiD_46_1024p35.jpg,mask/IDRiD_46_1024p35.jpg
data_resize/IDRiD_46_p124.jpg,mask/IDRiD_46_p124.jpg
data_resize/IDRiD_38_p28.jpg,mask/IDRiD_38_p28.jpg
data_resize/IDRiD_40_p119.jpg,mask/IDRiD_40_p119.jpg
data_resize/IDRiD_30_1024p28.jpg,mask/IDRiD_30_1024p28.jpg
data_resize/IDRiD_NAR_061_p114.jpg,mask/IDRiD_NAR_061_p114.jpg
data_resize/IDRiD_31_p66.jpg,mask/IDRiD_31_p66.jpg
data_resize/IDRiD_35_p86.jpg,mask/IDRiD_35_p86.jpg
data_resize/IDRiD_NAR_016_p86.jpg,mask/IDRiD_NAR_016_p86.jpg
data_resize/IDRiD_23_p60.jpg,mask/IDRiD_23_p60.jpg
data_resize/IDRiD_23_p42.jpg,mask/IDRiD_23_p42.jpg
data_resize/IDRiD_13_1024p32.jpg,mask/IDRiD_13_1024p32.jpg
data_resize/IDRiD_54_1024p1.jpg,mask/IDRiD_54_1024p1.jpg
data_resize/IDRiD_19_p131.jpg,mask/IDRiD_19_p131.jpg
data_resize/IDRiD_33_p132.jpg,mask/IDRiD_33_p132.jpg
data_resize/IDRiD_31_1024p4.jpg,mask/IDRiD_31_1024p4.jpg
data_resize/IDRiD_48_p131.jpg,mask/IDRiD_48_p131.jpg
data_resize/IDRiD_10_p141.jpg,mask/IDRiD_10_p141.jpg
data_resize/IDRiD_NAR_007_p92.jpg,mask/IDRiD_NAR_007_p92.jpg
data_resize/IDRiD_32_p42.jpg,mask/IDRiD_32_p42.jpg
data_resize/IDRiD_NAR_072_p29.jpg,mask/IDRiD_NAR_072_p29.jpg
data_resize/IDRiD_40_p123.jpg,mask/IDRiD_40_p123.jpg
data_resize/IDRiD_NAR_069_p78.jpg,mask/IDRiD_NAR_069_p78.jpg
data_resize/IDRiD_39_1024p13.jpg,mask/IDRiD_39_1024p13.jpg
data_resize/IDRiD_11_p20.jpg,mask/IDRiD_11_p20.jpg
data_resize/IDRiD_12_1024p33.jpg,mask/IDRiD_12_1024p33.jpg
data_resize/IDRiD_NAR_017_p21.jpg,mask/IDRiD_NAR_017_p21.jpg
data_resize/IDRiD_35_p131.jpg,mask/IDRiD_35_p131.jpg
data_resize/IDRiD_54_p128.jpg,mask/IDRiD_54_p128.jpg
data_resize/IDRiD_02_p45.jpg,mask/IDRiD_02_p45.jpg
data_resize/IDRiD_13_1024p27.jpg,mask/IDRiD_13_1024p27.jpg
data_resize/IDRiD_09_1024p6.jpg,mask/IDRiD_09_1024p6.jpg
data_resize/IDRiD_23_1024p12.jpg,mask/IDRiD_23_1024p12.jpg
data_resize/IDRiD_22_p43.jpg,mask/IDRiD_22_p43.jpg
data_resize/IDRiD_NAR_004_p68.jpg,mask/IDRiD_NAR_004_p68.jpg
data_resize/IDRiD_39_1024p26.jpg,mask/IDRiD_39_1024p26.jpg
data_resize/IDRiD_52_1024p9.jpg,mask/IDRiD_52_1024p9.jpg
data_resize/IDRiD_17_p17.jpg,mask/IDRiD_17_p17.jpg
data_resize/IDRiD_NAR_035_1024p12.jpg,mask/IDRiD_NAR_035_1024p12.jpg
data_resize/IDRiD_47_1024p23.jpg,mask/IDRiD_47_1024p23.jpg
data_resize/IDRiD_31_p24.jpg,mask/IDRiD_31_p24.jpg
data_resize/IDRiD_41_p107.jpg,mask/IDRiD_41_p107.jpg
data_resize/IDRiD_31_1024p27.jpg,mask/IDRiD_31_1024p27.jpg
data_resize/IDRiD_23_1024p4.jpg,mask/IDRiD_23_1024p4.jpg
data_resize/IDRiD_52_1024p4.jpg,mask/IDRiD_52_1024p4.jpg
data_resize/IDRiD_NAR_075_p37.jpg,mask/IDRiD_NAR_075_p37.jpg
data_resize/IDRiD_13_1024p12.jpg,mask/IDRiD_13_1024p12.jpg
data_resize/IDRiD_24_1024p35.jpg,mask/IDRiD_24_1024p35.jpg
data_resize/IDRiD_NAR_012_p26.jpg,mask/IDRiD_NAR_012_p26.jpg
data_resize/IDRiD_32_p25.jpg,mask/IDRiD_32_p25.jpg
data_resize/IDRiD_NAR_015_1024p11.jpg,mask/IDRiD_NAR_015_1024p11.jpg
data_resize/IDRiD_49_p38.jpg,mask/IDRiD_49_p38.jpg
data_resize/IDRiD_NAR_068_1024p30.jpg,mask/IDRiD_NAR_068_1024p30.jpg
data_resize/IDRiD_51_p71.jpg,mask/IDRiD_51_p71.jpg
data_resize/IDRiD_15_p31.jpg,mask/IDRiD_15_p31.jpg
data_resize/IDRiD_10_p131.jpg,mask/IDRiD_10_p131.jpg
data_resize/IDRiD_NAR_074_1024p22.jpg,mask/IDRiD_NAR_074_1024p22.jpg
data_resize/IDRiD_23_p65.jpg,mask/IDRiD_23_p65.jpg
data_resize/IDRiD_NAR_006_p71.jpg,mask/IDRiD_NAR_006_p71.jpg
data_resize/IDRiD_39_p20.jpg,mask/IDRiD_39_p20.jpg
data_resize/IDRiD_50_p120.jpg,mask/IDRiD_50_p120.jpg
data_resize/IDRiD_NAR_001_p17.jpg,mask/IDRiD_NAR_001_p17.jpg
data_resize/IDRiD_52_1024p35.jpg,mask/IDRiD_52_1024p35.jpg
data_resize/IDRiD_NAR_002_p143.jpg,mask/IDRiD_NAR_002_p143.jpg
data_resize/IDRiD_50_p99.jpg,mask/IDRiD_50_p99.jpg
data_resize/IDRiD_31_1024p6.jpg,mask/IDRiD_31_1024p6.jpg
data_resize/IDRiD_43_1024p26.jpg,mask/IDRiD_43_1024p26.jpg
data_resize/IDRiD_NAR_069_p89.jpg,mask/IDRiD_NAR_069_p89.jpg
data_resize/IDRiD_NAR_054_1024p25.jpg,mask/IDRiD_NAR_054_1024p25.jpg
data_resize/IDRiD_26_1024p5.jpg,mask/IDRiD_26_1024p5.jpg
data_resize/IDRiD_NAR_043_1024p26.jpg,mask/IDRiD_NAR_043_1024p26.jpg
data_resize/IDRiD_NAR_067_1024p30.jpg,mask/IDRiD_NAR_067_1024p30.jpg
data_resize/IDRiD_18_p27.jpg,mask/IDRiD_18_p27.jpg
data_resize/IDRiD_18_1024p27.jpg,mask/IDRiD_18_1024p27.jpg
data_resize/IDRiD_04_p86.jpg,mask/IDRiD_04_p86.jpg
data_resize/IDRiD_NAR_065_p44.jpg,mask/IDRiD_NAR_065_p44.jpg
data_resize/IDRiD_12_1024p26.jpg,mask/IDRiD_12_1024p26.jpg
data_resize/IDRiD_13_1024p1.jpg,mask/IDRiD_13_1024p1.jpg
data_resize/IDRiD_35_p114.jpg,mask/IDRiD_35_p114.jpg
data_resize/IDRiD_NAR_045_p2.jpg,mask/IDRiD_NAR_045_p2.jpg
data_resize/IDRiD_06_p54.jpg,mask/IDRiD_06_p54.jpg
data_resize/IDRiD_NAR_017_p67.jpg,mask/IDRiD_NAR_017_p67.jpg
data_resize/IDRiD_NAR_046_p150.jpg,mask/IDRiD_NAR_046_p150.jpg
data_resize/IDRiD_23_p153.jpg,mask/IDRiD_23_p153.jpg
data_resize/IDRiD_52_p58.jpg,mask/IDRiD_52_p58.jpg
data_resize/IDRiD_51_1024p36.jpg,mask/IDRiD_51_1024p36.jpg
data_resize/IDRiD_NAR_054_1024p11.jpg,mask/IDRiD_NAR_054_1024p11.jpg
data_resize/IDRiD_NAR_036_1024p28.jpg,mask/IDRiD_NAR_036_1024p28.jpg
data_resize/IDRiD_14_1024p12.jpg,mask/IDRiD_14_1024p12.jpg
data_resize/IDRiD_34_p143.jpg,mask/IDRiD_34_p143.jpg
data_resize/IDRiD_NAR_029_p76.jpg,mask/IDRiD_NAR_029_p76.jpg
data_resize/IDRiD_46_p138.jpg,mask/IDRiD_46_p138.jpg
data_resize/IDRiD_25_1024p2.jpg,mask/IDRiD_25_1024p2.jpg
data_resize/IDRiD_22_1024p25.jpg,mask/IDRiD_22_1024p25.jpg
data_resize/IDRiD_NAR_087_1024p3.jpg,mask/IDRiD_NAR_087_1024p3.jpg
data_resize/IDRiD_39_p10.jpg,mask/IDRiD_39_p10.jpg
data_resize/IDRiD_49_p121.jpg,mask/IDRiD_49_p121.jpg
data_resize/IDRiD_NAR_062_1024p29.jpg,mask/IDRiD_NAR_062_1024p29.jpg
data_resize/IDRiD_51_1024p35.jpg,mask/IDRiD_51_1024p35.jpg
data_resize/IDRiD_10_1024p31.jpg,mask/IDRiD_10_1024p31.jpg
data_resize/IDRiD_NAR_075_p159.jpg,mask/IDRiD_NAR_075_p159.jpg
data_resize/IDRiD_48_1024p18.jpg,mask/IDRiD_48_1024p18.jpg
data_resize/IDRiD_13_p3.jpg,mask/IDRiD_13_p3.jpg
data_resize/IDRiD_50_1024p21.jpg,mask/IDRiD_50_1024p21.jpg
data_resize/IDRiD_49_1024p6.jpg,mask/IDRiD_49_1024p6.jpg
data_resize/IDRiD_NAR_045_p82.jpg,mask/IDRiD_NAR_045_p82.jpg
data_resize/IDRiD_33_p129.jpg,mask/IDRiD_33_p129.jpg
data_resize/IDRiD_NAR_072_p157.jpg,mask/IDRiD_NAR_072_p157.jpg
data_resize/IDRiD_NAR_015_1024p1.jpg,mask/IDRiD_NAR_015_1024p1.jpg
data_resize/IDRiD_NAR_024_1024p39.jpg,mask/IDRiD_NAR_024_1024p39.jpg
data_resize/IDRiD_NAR_052_p96.jpg,mask/IDRiD_NAR_052_p96.jpg
data_resize/IDRiD_14_1024p13.jpg,mask/IDRiD_14_1024p13.jpg
data_resize/IDRiD_19_p54.jpg,mask/IDRiD_19_p54.jpg
data_resize/IDRiD_50_p93.jpg,mask/IDRiD_50_p93.jpg
data_resize/IDRiD_NAR_082_p146.jpg,mask/IDRiD_NAR_082_p146.jpg
data_resize/IDRiD_NAR_065_p95.jpg,mask/IDRiD_NAR_065_p95.jpg
data_resize/IDRiD_52_1024p30.jpg,mask/IDRiD_52_1024p30.jpg
data_resize/IDRiD_08_p53.jpg,mask/IDRiD_08_p53.jpg
data_resize/IDRiD_38_p27.jpg,mask/IDRiD_38_p27.jpg
data_resize/IDRiD_50_p125.jpg,mask/IDRiD_50_p125.jpg
data_resize/IDRiD_NAR_064_1024p9.jpg,mask/IDRiD_NAR_064_1024p9.jpg
data_resize/IDRiD_13_p88.jpg,mask/IDRiD_13_p88.jpg
data_resize/IDRiD_NAR_050_p77.jpg,mask/IDRiD_NAR_050_p77.jpg
data_resize/IDRiD_32_p27.jpg,mask/IDRiD_32_p27.jpg
data_resize/IDRiD_NAR_030_1024p35.jpg,mask/IDRiD_NAR_030_1024p35.jpg
data_resize/IDRiD_NAR_063_1024p20.jpg,mask/IDRiD_NAR_063_1024p20.jpg
data_resize/IDRiD_51_p134.jpg,mask/IDRiD_51_p134.jpg
data_resize/IDRiD_NAR_020_p152.jpg,mask/IDRiD_NAR_020_p152.jpg
data_resize/IDRiD_38_p60.jpg,mask/IDRiD_38_p60.jpg
data_resize/IDRiD_51_p150.jpg,mask/IDRiD_51_p150.jpg
data_resize/IDRiD_17_p105.jpg,mask/IDRiD_17_p105.jpg
data_resize/IDRiD_NAR_050_p53.jpg,mask/IDRiD_NAR_050_p53.jpg
data_resize/IDRiD_19_p38.jpg,mask/IDRiD_19_p38.jpg
data_resize/IDRiD_NAR_034_1024p33.jpg,mask/IDRiD_NAR_034_1024p33.jpg
data_resize/IDRiD_NAR_027_p139.jpg,mask/IDRiD_NAR_027_p139.jpg
data_resize/IDRiD_13_p103.jpg,mask/IDRiD_13_p103.jpg
data_resize/IDRiD_38_p44.jpg,mask/IDRiD_38_p44.jpg
data_resize/IDRiD_23_p58.jpg,mask/IDRiD_23_p58.jpg
data_resize/IDRiD_NAR_077_p59.jpg,mask/IDRiD_NAR_077_p59.jpg
data_resize/IDRiD_39_1024p28.jpg,mask/IDRiD_39_1024p28.jpg
data_resize/IDRiD_22_1024p3.jpg,mask/IDRiD_22_1024p3.jpg
data_resize/IDRiD_NAR_038_p139.jpg,mask/IDRiD_NAR_038_p139.jpg
data_resize/IDRiD_NAR_026_1024p25.jpg,mask/IDRiD_NAR_026_1024p25.jpg
data_resize/IDRiD_20_1024p13.jpg,mask/IDRiD_20_1024p13.jpg
data_resize/IDRiD_13_p72.jpg,mask/IDRiD_13_p72.jpg
data_resize/IDRiD_39_p18.jpg,mask/IDRiD_39_p18.jpg
data_resize/IDRiD_19_p115.jpg,mask/IDRiD_19_p115.jpg
data_resize/IDRiD_39_1024p2.jpg,mask/IDRiD_39_1024p2.jpg
data_resize/IDRiD_47_1024p5.jpg,mask/IDRiD_47_1024p5.jpg
data_resize/IDRiD_22_1024p10.jpg,mask/IDRiD_22_1024p10.jpg
data_resize/IDRiD_54_1024p28.jpg,mask/IDRiD_54_1024p28.jpg
data_resize/IDRiD_52_p124.jpg,mask/IDRiD_52_p124.jpg
data_resize/IDRiD_18_p106.jpg,mask/IDRiD_18_p106.jpg
data_resize/IDRiD_50_1024p29.jpg,mask/IDRiD_50_1024p29.jpg
data_resize/IDRiD_13_p130.jpg,mask/IDRiD_13_p130.jpg
data_resize/IDRiD_46_1024p1.jpg,mask/IDRiD_46_1024p1.jpg
data_resize/IDRiD_51_p131.jpg,mask/IDRiD_51_p131.jpg
data_resize/IDRiD_NAR_064_p129.jpg,mask/IDRiD_NAR_064_p129.jpg
data_resize/IDRiD_39_p41.jpg,mask/IDRiD_39_p41.jpg
data_resize/IDRiD_33_p81.jpg,mask/IDRiD_33_p81.jpg
data_resize/IDRiD_NAR_082_p36.jpg,mask/IDRiD_NAR_082_p36.jpg
data_resize/IDRiD_NAR_026_p5.jpg,mask/IDRiD_NAR_026_p5.jpg
data_resize/IDRiD_NAR_046_1024p11.jpg,mask/IDRiD_NAR_046_1024p11.jpg
data_resize/IDRiD_46_1024p26.jpg,mask/IDRiD_46_1024p26.jpg
data_resize/IDRiD_48_p38.jpg,mask/IDRiD_48_p38.jpg
data_resize/IDRiD_13_1024p34.jpg,mask/IDRiD_13_1024p34.jpg
data_resize/IDRiD_NAR_073_p21.jpg,mask/IDRiD_NAR_073_p21.jpg
data_resize/IDRiD_49_1024p11.jpg,mask/IDRiD_49_1024p11.jpg
data_resize/IDRiD_13_1024p15.jpg,mask/IDRiD_13_1024p15.jpg
data_resize/IDRiD_NAR_077_p19.jpg,mask/IDRiD_NAR_077_p19.jpg
data_resize/IDRiD_48_1024p38.jpg,mask/IDRiD_48_1024p38.jpg
data_resize/IDRiD_19_1024p11.jpg,mask/IDRiD_19_1024p11.jpg
data_resize/IDRiD_32_1024p26.jpg,mask/IDRiD_32_1024p26.jpg
data_resize/IDRiD_51_1024p26.jpg,mask/IDRiD_51_1024p26.jpg
data_resize/IDRiD_NAR_082_p137.jpg,mask/IDRiD_NAR_082_p137.jpg
data_resize/IDRiD_09_1024p8.jpg,mask/IDRiD_09_1024p8.jpg
data_resize/IDRiD_31_1024p34.jpg,mask/IDRiD_31_1024p34.jpg
data_resize/IDRiD_46_p55.jpg,mask/IDRiD_46_p55.jpg
data_resize/IDRiD_NAR_005_1024p32.jpg,mask/IDRiD_NAR_005_1024p32.jpg
data_resize/IDRiD_35_1024p32.jpg,mask/IDRiD_35_1024p32.jpg
data_resize/IDRiD_NAR_031_1024p31.jpg,mask/IDRiD_NAR_031_1024p31.jpg
data_resize/IDRiD_51_1024p11.jpg,mask/IDRiD_51_1024p11.jpg
data_resize/IDRiD_05_1024p9.jpg,mask/IDRiD_05_1024p9.jpg
data_resize/IDRiD_32_1024p25.jpg,mask/IDRiD_32_1024p25.jpg
data_resize/IDRiD_NAR_005_p133.jpg,mask/IDRiD_NAR_005_p133.jpg
data_resize/IDRiD_NAR_035_p51.jpg,mask/IDRiD_NAR_035_p51.jpg
data_resize/IDRiD_17_p109.jpg,mask/IDRiD_17_p109.jpg
data_resize/IDRiD_54_p112.jpg,mask/IDRiD_54_p112.jpg
data_resize/IDRiD_NAR_056_1024p17.jpg,mask/IDRiD_NAR_056_1024p17.jpg
data_resize/IDRiD_19_1024p39.jpg,mask/IDRiD_19_1024p39.jpg
data_resize/IDRiD_25_p39.jpg,mask/IDRiD_25_p39.jpg
data_resize/IDRiD_31_p39.jpg,mask/IDRiD_31_p39.jpg
data_resize/IDRiD_17_p33.jpg,mask/IDRiD_17_p33.jpg
data_resize/IDRiD_NAR_026_p42.jpg,mask/IDRiD_NAR_026_p42.jpg
data_resize/IDRiD_32_1024p12.jpg,mask/IDRiD_32_1024p12.jpg
data_resize/IDRiD_25_p101.jpg,mask/IDRiD_25_p101.jpg
data_resize/IDRiD_28_p38.jpg,mask/IDRiD_28_p38.jpg
data_resize/IDRiD_NAR_071_p79.jpg,mask/IDRiD_NAR_071_p79.jpg
data_resize/IDRiD_19_1024p38.jpg,mask/IDRiD_19_1024p38.jpg
data_resize/IDRiD_19_p153.jpg,mask/IDRiD_19_p153.jpg
data_resize/IDRiD_NAR_046_1024p15.jpg,mask/IDRiD_NAR_046_1024p15.jpg
data_resize/IDRiD_NAR_048_1024p36.jpg,mask/IDRiD_NAR_048_1024p36.jpg
data_resize/IDRiD_NAR_068_p137.jpg,mask/IDRiD_NAR_068_p137.jpg
data_resize/IDRiD_NAR_035_p102.jpg,mask/IDRiD_NAR_035_p102.jpg
data_resize/IDRiD_47_p143.jpg,mask/IDRiD_47_p143.jpg
data_resize/IDRiD_17_p89.jpg,mask/IDRiD_17_p89.jpg
data_resize/IDRiD_50_p85.jpg,mask/IDRiD_50_p85.jpg
data_resize/IDRiD_41_p12.jpg,mask/IDRiD_41_p12.jpg
data_resize/IDRiD_33_p155.jpg,mask/IDRiD_33_p155.jpg
data_resize/IDRiD_18_p91.jpg,mask/IDRiD_18_p91.jpg
data_resize/IDRiD_34_p79.jpg,mask/IDRiD_34_p79.jpg
data_resize/IDRiD_28_p113.jpg,mask/IDRiD_28_p113.jpg
data_resize/IDRiD_NAR_027_1024p0.jpg,mask/IDRiD_NAR_027_1024p0.jpg
data_resize/IDRiD_42_1024p37.jpg,mask/IDRiD_42_1024p37.jpg
data_resize/IDRiD_48_p100.jpg,mask/IDRiD_48_p100.jpg
data_resize/IDRiD_16_1024p0.jpg,mask/IDRiD_16_1024p0.jpg
data_resize/IDRiD_NAR_040_p147.jpg,mask/IDRiD_NAR_040_p147.jpg
data_resize/IDRiD_51_1024p27.jpg,mask/IDRiD_51_1024p27.jpg
data_resize/IDRiD_NAR_004_p57.jpg,mask/IDRiD_NAR_004_p57.jpg
data_resize/IDRiD_46_1024p33.jpg,mask/IDRiD_46_1024p33.jpg
data_resize/IDRiD_15_p66.jpg,mask/IDRiD_15_p66.jpg
data_resize/IDRiD_17_1024p21.jpg,mask/IDRiD_17_1024p21.jpg
data_resize/IDRiD_NAR_009_p68.jpg,mask/IDRiD_NAR_009_p68.jpg
data_resize/IDRiD_51_1024p18.jpg,mask/IDRiD_51_1024p18.jpg
data_resize/IDRiD_07_1024p15.jpg,mask/IDRiD_07_1024p15.jpg
data_resize/IDRiD_13_1024p24.jpg,mask/IDRiD_13_1024p24.jpg
data_resize/IDRiD_19_1024p37.jpg,mask/IDRiD_19_1024p37.jpg
data_resize/IDRiD_39_1024p30.jpg,mask/IDRiD_39_1024p30.jpg
data_resize/IDRiD_01_1024p36.jpg,mask/IDRiD_01_1024p36.jpg
data_resize/IDRiD_NAR_038_p84.jpg,mask/IDRiD_NAR_038_p84.jpg
data_resize/IDRiD_NAR_069_1024p15.jpg,mask/IDRiD_NAR_069_1024p15.jpg
data_resize/IDRiD_NAR_071_p115.jpg,mask/IDRiD_NAR_071_p115.jpg
data_resize/IDRiD_13_p17.jpg,mask/IDRiD_13_p17.jpg
data_resize/IDRiD_41_p116.jpg,mask/IDRiD_41_p116.jpg
data_resize/IDRiD_48_1024p34.jpg,mask/IDRiD_48_1024p34.jpg
data_resize/IDRiD_37_p66.jpg,mask/IDRiD_37_p66.jpg
data_resize/IDRiD_47_p11.jpg,mask/IDRiD_47_p11.jpg
data_resize/IDRiD_28_1024p31.jpg,mask/IDRiD_28_1024p31.jpg
data_resize/IDRiD_08_p39.jpg,mask/IDRiD_08_p39.jpg
data_resize/IDRiD_46_p38.jpg,mask/IDRiD_46_p38.jpg
data_resize/IDRiD_NAR_043_p22.jpg,mask/IDRiD_NAR_043_p22.jpg
data_resize/IDRiD_11_p158.jpg,mask/IDRiD_11_p158.jpg
data_resize/IDRiD_35_p130.jpg,mask/IDRiD_35_p130.jpg
data_resize/IDRiD_19_1024p36.jpg,mask/IDRiD_19_1024p36.jpg
data_resize/IDRiD_51_p102.jpg,mask/IDRiD_51_p102.jpg
data_resize/IDRiD_50_1024p31.jpg,mask/IDRiD_50_1024p31.jpg
data_resize/IDRiD_34_p13.jpg,mask/IDRiD_34_p13.jpg
data_resize/IDRiD_51_p72.jpg,mask/IDRiD_51_p72.jpg
data_resize/IDRiD_25_1024p18.jpg,mask/IDRiD_25_1024p18.jpg
data_resize/IDRiD_NAR_046_p67.jpg,mask/IDRiD_NAR_046_p67.jpg
data_resize/IDRiD_53_1024p22.jpg,mask/IDRiD_53_1024p22.jpg
data_resize/IDRiD_49_p159.jpg,mask/IDRiD_49_p159.jpg
data_resize/IDRiD_50_p92.jpg,mask/IDRiD_50_p92.jpg
data_resize/IDRiD_39_p115.jpg,mask/IDRiD_39_p115.jpg
data_resize/IDRiD_13_p19.jpg,mask/IDRiD_13_p19.jpg
data_resize/IDRiD_NAR_089_1024p21.jpg,mask/IDRiD_NAR_089_1024p21.jpg
data_resize/IDRiD_05_1024p17.jpg,mask/IDRiD_05_1024p17.jpg
data_resize/IDRiD_NAR_064_1024p19.jpg,mask/IDRiD_NAR_064_1024p19.jpg
data_resize/IDRiD_NAR_038_p47.jpg,mask/IDRiD_NAR_038_p47.jpg
data_resize/IDRiD_31_p23.jpg,mask/IDRiD_31_p23.jpg
data_resize/IDRiD_NAR_073_p30.jpg,mask/IDRiD_NAR_073_p30.jpg
data_resize/IDRiD_18_p92.jpg,mask/IDRiD_18_p92.jpg
data_resize/IDRiD_48_1024p2.jpg,mask/IDRiD_48_1024p2.jpg
data_resize/IDRiD_NAR_039_p4.jpg,mask/IDRiD_NAR_039_p4.jpg
data_resize/IDRiD_16_p36.jpg,mask/IDRiD_16_p36.jpg
data_resize/IDRiD_NAR_043_p115.jpg,mask/IDRiD_NAR_043_p115.jpg
data_resize/IDRiD_53_p12.jpg,mask/IDRiD_53_p12.jpg
data_resize/IDRiD_07_1024p16.jpg,mask/IDRiD_07_1024p16.jpg
data_resize/IDRiD_NAR_014_p30.jpg,mask/IDRiD_NAR_014_p30.jpg
data_resize/IDRiD_NAR_019_p29.jpg,mask/IDRiD_NAR_019_p29.jpg
data_resize/IDRiD_32_p131.jpg,mask/IDRiD_32_p131.jpg
data_resize/IDRiD_38_1024p31.jpg,mask/IDRiD_38_1024p31.jpg
data_resize/IDRiD_48_1024p26.jpg,mask/IDRiD_48_1024p26.jpg
data_resize/IDRiD_13_p132.jpg,mask/IDRiD_13_p132.jpg
data_resize/IDRiD_19_1024p35.jpg,mask/IDRiD_19_1024p35.jpg
data_resize/IDRiD_30_1024p5.jpg,mask/IDRiD_30_1024p5.jpg
data_resize/IDRiD_13_p150.jpg,mask/IDRiD_13_p150.jpg
data_resize/IDRiD_15_1024p20.jpg,mask/IDRiD_15_1024p20.jpg
data_resize/IDRiD_15_p19.jpg,mask/IDRiD_15_p19.jpg
data_resize/IDRiD_17_1024p31.jpg,mask/IDRiD_17_1024p31.jpg
data_resize/IDRiD_31_p97.jpg,mask/IDRiD_31_p97.jpg
data_resize/IDRiD_NAR_052_p155.jpg,mask/IDRiD_NAR_052_p155.jpg
data_resize/IDRiD_NAR_009_p73.jpg,mask/IDRiD_NAR_009_p73.jpg
data_resize/IDRiD_54_1024p27.jpg,mask/IDRiD_54_1024p27.jpg
data_resize/IDRiD_NAR_014_p27.jpg,mask/IDRiD_NAR_014_p27.jpg
data_resize/IDRiD_39_1024p12.jpg,mask/IDRiD_39_1024p12.jpg
data_resize/IDRiD_37_1024p21.jpg,mask/IDRiD_37_1024p21.jpg
data_resize/IDRiD_07_1024p4.jpg,mask/IDRiD_07_1024p4.jpg
data_resize/IDRiD_51_p147.jpg,mask/IDRiD_51_p147.jpg
data_resize/IDRiD_18_p11.jpg,mask/IDRiD_18_p11.jpg
data_resize/IDRiD_NAR_057_p54.jpg,mask/IDRiD_NAR_057_p54.jpg
data_resize/IDRiD_51_1024p28.jpg,mask/IDRiD_51_1024p28.jpg
data_resize/IDRiD_NAR_061_1024p17.jpg,mask/IDRiD_NAR_061_1024p17.jpg
data_resize/IDRiD_39_1024p5.jpg,mask/IDRiD_39_1024p5.jpg
data_resize/IDRiD_49_p37.jpg,mask/IDRiD_49_p37.jpg
data_resize/IDRiD_NAR_066_1024p31.jpg,mask/IDRiD_NAR_066_1024p31.jpg
data_resize/IDRiD_NAR_078_p44.jpg,mask/IDRiD_NAR_078_p44.jpg
data_resize/IDRiD_18_1024p23.jpg,mask/IDRiD_18_1024p23.jpg
data_resize/IDRiD_22_p36.jpg,mask/IDRiD_22_p36.jpg
data_resize/IDRiD_NAR_023_p13.jpg,mask/IDRiD_NAR_023_p13.jpg
data_resize/IDRiD_NAR_047_p155.jpg,mask/IDRiD_NAR_047_p155.jpg
data_resize/IDRiD_08_1024p1.jpg,mask/IDRiD_08_1024p1.jpg
data_resize/IDRiD_28_1024p35.jpg,mask/IDRiD_28_1024p35.jpg
data_resize/IDRiD_13_p119.jpg,mask/IDRiD_13_p119.jpg
data_resize/IDRiD_25_1024p19.jpg,mask/IDRiD_25_1024p19.jpg
data_resize/IDRiD_32_p130.jpg,mask/IDRiD_32_p130.jpg
data_resize/IDRiD_17_p1.jpg,mask/IDRiD_17_p1.jpg
data_resize/IDRiD_29_1024p32.jpg,mask/IDRiD_29_1024p32.jpg
data_resize/IDRiD_NAR_031_p54.jpg,mask/IDRiD_NAR_031_p54.jpg
data_resize/IDRiD_NAR_009_1024p11.jpg,mask/IDRiD_NAR_009_1024p11.jpg
data_resize/IDRiD_NAR_033_p66.jpg,mask/IDRiD_NAR_033_p66.jpg
data_resize/IDRiD_49_p60.jpg,mask/IDRiD_49_p60.jpg
data_resize/IDRiD_48_p54.jpg,mask/IDRiD_48_p54.jpg
data_resize/IDRiD_31_1024p7.jpg,mask/IDRiD_31_1024p7.jpg
data_resize/IDRiD_23_1024p37.jpg,mask/IDRiD_23_1024p37.jpg
data_resize/IDRiD_35_1024p19.jpg,mask/IDRiD_35_1024p19.jpg
data_resize/IDRiD_23_p75.jpg,mask/IDRiD_23_p75.jpg
data_resize/IDRiD_48_p147.jpg,mask/IDRiD_48_p147.jpg
data_resize/IDRiD_33_1024p24.jpg,mask/IDRiD_33_1024p24.jpg
data_resize/IDRiD_13_p1.jpg,mask/IDRiD_13_p1.jpg
data_resize/IDRiD_23_p152.jpg,mask/IDRiD_23_p152.jpg
data_resize/IDRiD_46_p154.jpg,mask/IDRiD_46_p154.jpg
data_resize/IDRiD_NAR_064_p3.jpg,mask/IDRiD_NAR_064_p3.jpg
data_resize/IDRiD_NAR_074_p157.jpg,mask/IDRiD_NAR_074_p157.jpg
data_resize/IDRiD_25_1024p33.jpg,mask/IDRiD_25_1024p33.jpg
data_resize/IDRiD_NAR_050_p157.jpg,mask/IDRiD_NAR_050_p157.jpg
data_resize/IDRiD_13_p145.jpg,mask/IDRiD_13_p145.jpg
data_resize/IDRiD_18_p76.jpg,mask/IDRiD_18_p76.jpg
data_resize/IDRiD_NAR_037_p69.jpg,mask/IDRiD_NAR_037_p69.jpg
data_resize/IDRiD_46_p132.jpg,mask/IDRiD_46_p132.jpg
data_resize/IDRiD_NAR_044_1024p13.jpg,mask/IDRiD_NAR_044_1024p13.jpg
data_resize/IDRiD_19_1024p21.jpg,mask/IDRiD_19_1024p21.jpg
data_resize/IDRiD_NAR_046_1024p7.jpg,mask/IDRiD_NAR_046_1024p7.jpg
data_resize/IDRiD_13_1024p33.jpg,mask/IDRiD_13_1024p33.jpg
data_resize/IDRiD_NAR_067_p158.jpg,mask/IDRiD_NAR_067_p158.jpg
data_resize/IDRiD_NAR_088_p68.jpg,mask/IDRiD_NAR_088_p68.jpg
data_resize/IDRiD_22_1024p26.jpg,mask/IDRiD_22_1024p26.jpg
data_resize/IDRiD_39_p83.jpg,mask/IDRiD_39_p83.jpg
data_resize/IDRiD_29_1024p21.jpg,mask/IDRiD_29_1024p21.jpg
data_resize/IDRiD_30_1024p29.jpg,mask/IDRiD_30_1024p29.jpg
data_resize/IDRiD_47_p10.jpg,mask/IDRiD_47_p10.jpg
data_resize/IDRiD_30_p155.jpg,mask/IDRiD_30_p155.jpg
data_resize/IDRiD_17_1024p36.jpg,mask/IDRiD_17_1024p36.jpg
data_resize/IDRiD_NAR_070_1024p1.jpg,mask/IDRiD_NAR_070_1024p1.jpg
data_resize/IDRiD_NAR_040_1024p32.jpg,mask/IDRiD_NAR_040_1024p32.jpg
data_resize/IDRiD_21_1024p17.jpg,mask/IDRiD_21_1024p17.jpg
data_resize/IDRiD_NAR_034_1024p6.jpg,mask/IDRiD_NAR_034_1024p6.jpg
data_resize/IDRiD_51_p49.jpg,mask/IDRiD_51_p49.jpg
data_resize/IDRiD_39_1024p36.jpg,mask/IDRiD_39_1024p36.jpg
data_resize/IDRiD_NAR_011_p115.jpg,mask/IDRiD_NAR_011_p115.jpg
data_resize/IDRiD_NAR_064_p118.jpg,mask/IDRiD_NAR_064_p118.jpg
data_resize/IDRiD_17_1024p1.jpg,mask/IDRiD_17_1024p1.jpg
data_resize/IDRiD_NAR_055_p6.jpg,mask/IDRiD_NAR_055_p6.jpg
data_resize/IDRiD_22_1024p33.jpg,mask/IDRiD_22_1024p33.jpg
data_resize/IDRiD_12_p72.jpg,mask/IDRiD_12_p72.jpg
data_resize/IDRiD_31_1024p13.jpg,mask/IDRiD_31_1024p13.jpg
data_resize/IDRiD_NAR_023_p151.jpg,mask/IDRiD_NAR_023_p151.jpg
data_resize/IDRiD_39_p3.jpg,mask/IDRiD_39_p3.jpg
data_resize/IDRiD_17_1024p27.jpg,mask/IDRiD_17_1024p27.jpg
data_resize/IDRiD_08_p55.jpg,mask/IDRiD_08_p55.jpg
data_resize/IDRiD_46_p140.jpg,mask/IDRiD_46_p140.jpg
data_resize/IDRiD_19_p157.jpg,mask/IDRiD_19_p157.jpg
data_resize/IDRiD_NAR_079_p60.jpg,mask/IDRiD_NAR_079_p60.jpg
data_resize/IDRiD_NAR_003_1024p9.jpg,mask/IDRiD_NAR_003_1024p9.jpg
data_resize/IDRiD_18_1024p21.jpg,mask/IDRiD_18_1024p21.jpg
data_resize/IDRiD_53_1024p30.jpg,mask/IDRiD_53_1024p30.jpg
data_resize/IDRiD_NAR_018_1024p24.jpg,mask/IDRiD_NAR_018_1024p24.jpg
data_resize/IDRiD_17_1024p37.jpg,mask/IDRiD_17_1024p37.jpg
data_resize/IDRiD_14_p41.jpg,mask/IDRiD_14_p41.jpg
data_resize/IDRiD_NAR_045_1024p8.jpg,mask/IDRiD_NAR_045_1024p8.jpg
data_resize/IDRiD_48_1024p10.jpg,mask/IDRiD_48_1024p10.jpg
data_resize/IDRiD_08_p25.jpg,mask/IDRiD_08_p25.jpg
data_resize/IDRiD_54_1024p32.jpg,mask/IDRiD_54_1024p32.jpg
data_resize/IDRiD_NAR_072_p123.jpg,mask/IDRiD_NAR_072_p123.jpg
data_resize/IDRiD_35_1024p2.jpg,mask/IDRiD_35_1024p2.jpg
data_resize/IDRiD_NAR_066_1024p23.jpg,mask/IDRiD_NAR_066_1024p23.jpg
data_resize/IDRiD_35_p115.jpg,mask/IDRiD_35_p115.jpg
data_resize/IDRiD_14_p1.jpg,mask/IDRiD_14_p1.jpg
data_resize/IDRiD_NAR_088_p126.jpg,mask/IDRiD_NAR_088_p126.jpg
data_resize/IDRiD_16_1024p18.jpg,mask/IDRiD_16_1024p18.jpg
data_resize/IDRiD_38_p108.jpg,mask/IDRiD_38_p108.jpg
data_resize/IDRiD_NAR_059_1024p7.jpg,mask/IDRiD_NAR_059_1024p7.jpg
data_resize/IDRiD_18_1024p34.jpg,mask/IDRiD_18_1024p34.jpg
data_resize/IDRiD_NAR_051_p28.jpg,mask/IDRiD_NAR_051_p28.jpg
data_resize/IDRiD_23_1024p21.jpg,mask/IDRiD_23_1024p21.jpg
data_resize/IDRiD_22_p3.jpg,mask/IDRiD_22_p3.jpg
data_resize/IDRiD_NAR_007_p55.jpg,mask/IDRiD_NAR_007_p55.jpg
data_resize/IDRiD_40_1024p1.jpg,mask/IDRiD_40_1024p1.jpg
data_resize/IDRiD_NAR_060_1024p23.jpg,mask/IDRiD_NAR_060_1024p23.jpg
data_resize/IDRiD_35_p6.jpg,mask/IDRiD_35_p6.jpg
data_resize/IDRiD_18_1024p4.jpg,mask/IDRiD_18_1024p4.jpg
data_resize/IDRiD_31_p6.jpg,mask/IDRiD_31_p6.jpg
data_resize/IDRiD_30_p51.jpg,mask/IDRiD_30_p51.jpg
data_resize/IDRiD_NAR_057_p108.jpg,mask/IDRiD_NAR_057_p108.jpg
data_resize/IDRiD_53_1024p29.jpg,mask/IDRiD_53_1024p29.jpg
data_resize/IDRiD_NAR_047_p159.jpg,mask/IDRiD_NAR_047_p159.jpg
data_resize/IDRiD_17_p104.jpg,mask/IDRiD_17_p104.jpg
data_resize/IDRiD_08_p54.jpg,mask/IDRiD_08_p54.jpg
data_resize/IDRiD_NAR_009_p124.jpg,mask/IDRiD_NAR_009_p124.jpg
data_resize/IDRiD_25_1024p25.jpg,mask/IDRiD_25_1024p25.jpg
data_resize/IDRiD_NAR_074_p33.jpg,mask/IDRiD_NAR_074_p33.jpg
data_resize/IDRiD_NAR_067_p131.jpg,mask/IDRiD_NAR_067_p131.jpg
data_resize/IDRiD_NAR_084_1024p6.jpg,mask/IDRiD_NAR_084_1024p6.jpg
data_resize/IDRiD_17_1024p20.jpg,mask/IDRiD_17_1024p20.jpg
data_resize/IDRiD_NAR_019_1024p35.jpg,mask/IDRiD_NAR_019_1024p35.jpg
data_resize/IDRiD_19_p22.jpg,mask/IDRiD_19_p22.jpg
data_resize/IDRiD_38_1024p38.jpg,mask/IDRiD_38_1024p38.jpg
data_resize/IDRiD_17_1024p33.jpg,mask/IDRiD_17_1024p33.jpg
data_resize/IDRiD_18_1024p15.jpg,mask/IDRiD_18_1024p15.jpg
data_resize/IDRiD_18_p134.jpg,mask/IDRiD_18_p134.jpg
data_resize/IDRiD_47_p9.jpg,mask/IDRiD_47_p9.jpg
data_resize/IDRiD_44_p127.jpg,mask/IDRiD_44_p127.jpg
data_resize/IDRiD_46_1024p34.jpg,mask/IDRiD_46_1024p34.jpg
data_resize/IDRiD_46_1024p25.jpg,mask/IDRiD_46_1024p25.jpg
data_resize/IDRiD_NAR_018_1024p38.jpg,mask/IDRiD_NAR_018_1024p38.jpg
data_resize/IDRiD_NAR_087_1024p4.jpg,mask/IDRiD_NAR_087_1024p4.jpg
data_resize/IDRiD_NAR_067_p95.jpg,mask/IDRiD_NAR_067_p95.jpg
data_resize/IDRiD_NAR_073_1024p20.jpg,mask/IDRiD_NAR_073_1024p20.jpg
data_resize/IDRiD_50_1024p16.jpg,mask/IDRiD_50_1024p16.jpg
data_resize/IDRiD_03_1024p34.jpg,mask/IDRiD_03_1024p34.jpg
data_resize/IDRiD_17_p117.jpg,mask/IDRiD_17_p117.jpg
data_resize/IDRiD_13_1024p20.jpg,mask/IDRiD_13_1024p20.jpg
data_resize/IDRiD_51_p118.jpg,mask/IDRiD_51_p118.jpg
data_resize/IDRiD_30_p137.jpg,mask/IDRiD_30_p137.jpg
data_resize/IDRiD_50_1024p22.jpg,mask/IDRiD_50_1024p22.jpg
data_resize/IDRiD_06_1024p7.jpg,mask/IDRiD_06_1024p7.jpg
data_resize/IDRiD_NAR_043_p106.jpg,mask/IDRiD_NAR_043_p106.jpg
data_resize/IDRiD_46_1024p0.jpg,mask/IDRiD_46_1024p0.jpg
data_resize/IDRiD_NAR_061_1024p12.jpg,mask/IDRiD_NAR_061_1024p12.jpg
data_resize/IDRiD_NAR_065_1024p36.jpg,mask/IDRiD_NAR_065_1024p36.jpg
data_resize/IDRiD_NAR_024_1024p24.jpg,mask/IDRiD_NAR_024_1024p24.jpg
data_resize/IDRiD_22_1024p32.jpg,mask/IDRiD_22_1024p32.jpg
data_resize/IDRiD_25_p20.jpg,mask/IDRiD_25_p20.jpg
data_resize/IDRiD_17_p85.jpg,mask/IDRiD_17_p85.jpg
data_resize/IDRiD_46_1024p39.jpg,mask/IDRiD_46_1024p39.jpg
data_resize/IDRiD_NAR_057_1024p24.jpg,mask/IDRiD_NAR_057_1024p24.jpg
data_resize/IDRiD_51_1024p10.jpg,mask/IDRiD_51_1024p10.jpg
data_resize/IDRiD_NAR_014_1024p30.jpg,mask/IDRiD_NAR_014_1024p30.jpg
data_resize/IDRiD_51_1024p25.jpg,mask/IDRiD_51_1024p25.jpg
data_resize/IDRiD_10_p149.jpg,mask/IDRiD_10_p149.jpg
data_resize/IDRiD_54_p133.jpg,mask/IDRiD_54_p133.jpg
data_resize/IDRiD_NAR_079_p18.jpg,mask/IDRiD_NAR_079_p18.jpg
data_resize/IDRiD_NAR_019_p46.jpg,mask/IDRiD_NAR_019_p46.jpg
data_resize/IDRiD_NAR_054_p98.jpg,mask/IDRiD_NAR_054_p98.jpg
data_resize/IDRiD_35_p53.jpg,mask/IDRiD_35_p53.jpg
data_resize/IDRiD_19_p155.jpg,mask/IDRiD_19_p155.jpg
data_resize/IDRiD_34_p147.jpg,mask/IDRiD_34_p147.jpg
data_resize/IDRiD_39_1024p33.jpg,mask/IDRiD_39_1024p33.jpg
data_resize/IDRiD_NAR_086_1024p39.jpg,mask/IDRiD_NAR_086_1024p39.jpg
data_resize/IDRiD_22_1024p35.jpg,mask/IDRiD_22_1024p35.jpg
data_resize/IDRiD_50_p42.jpg,mask/IDRiD_50_p42.jpg
data_resize/IDRiD_NAR_042_1024p32.jpg,mask/IDRiD_NAR_042_1024p32.jpg
data_resize/IDRiD_NAR_066_1024p18.jpg,mask/IDRiD_NAR_066_1024p18.jpg
data_resize/IDRiD_13_p73.jpg,mask/IDRiD_13_p73.jpg
data_resize/IDRiD_NAR_001_p135.jpg,mask/IDRiD_NAR_001_p135.jpg
data_resize/IDRiD_NAR_053_p101.jpg,mask/IDRiD_NAR_053_p101.jpg
data_resize/IDRiD_50_p43.jpg,mask/IDRiD_50_p43.jpg
data_resize/IDRiD_NAR_021_p10.jpg,mask/IDRiD_NAR_021_p10.jpg
data_resize/IDRiD_17_p138.jpg,mask/IDRiD_17_p138.jpg
data_resize/IDRiD_22_p45.jpg,mask/IDRiD_22_p45.jpg
data_resize/IDRiD_NAR_063_p75.jpg,mask/IDRiD_NAR_063_p75.jpg
data_resize/IDRiD_51_1024p8.jpg,mask/IDRiD_51_1024p8.jpg
data_resize/IDRiD_31_p26.jpg,mask/IDRiD_31_p26.jpg
data_resize/IDRiD_48_1024p39.jpg,mask/IDRiD_48_1024p39.jpg
data_resize/IDRiD_53_p106.jpg,mask/IDRiD_53_p106.jpg
data_resize/IDRiD_01_1024p30.jpg,mask/IDRiD_01_1024p30.jpg
data_resize/IDRiD_NAR_037_p44.jpg,mask/IDRiD_NAR_037_p44.jpg
data_resize/IDRiD_NAR_017_1024p30.jpg,mask/IDRiD_NAR_017_1024p30.jpg
data_resize/IDRiD_36_1024p25.jpg,mask/IDRiD_36_1024p25.jpg
data_resize/IDRiD_25_p104.jpg,mask/IDRiD_25_p104.jpg
data_resize/IDRiD_NAR_044_1024p26.jpg,mask/IDRiD_NAR_044_1024p26.jpg
data_resize/IDRiD_53_p116.jpg,mask/IDRiD_53_p116.jpg
data_resize/IDRiD_43_1024p28.jpg,mask/IDRiD_43_1024p28.jpg
data_resize/IDRiD_NAR_016_p75.jpg,mask/IDRiD_NAR_016_p75.jpg
data_resize/IDRiD_18_1024p13.jpg,mask/IDRiD_18_1024p13.jpg
data_resize/IDRiD_NAR_004_p21.jpg,mask/IDRiD_NAR_004_p21.jpg
data_resize/IDRiD_NAR_014_1024p21.jpg,mask/IDRiD_NAR_014_1024p21.jpg
data_resize/IDRiD_39_p123.jpg,mask/IDRiD_39_p123.jpg
data_resize/IDRiD_NAR_088_p60.jpg,mask/IDRiD_NAR_088_p60.jpg
data_resize/IDRiD_25_1024p5.jpg,mask/IDRiD_25_1024p5.jpg
data_resize/IDRiD_19_p139.jpg,mask/IDRiD_19_p139.jpg
data_resize/IDRiD_NAR_073_p152.jpg,mask/IDRiD_NAR_073_p152.jpg
data_resize/IDRiD_39_p9.jpg,mask/IDRiD_39_p9.jpg
data_resize/IDRiD_25_1024p29.jpg,mask/IDRiD_25_1024p29.jpg
data_resize/IDRiD_54_p147.jpg,mask/IDRiD_54_p147.jpg
data_resize/IDRiD_NAR_032_1024p7.jpg,mask/IDRiD_NAR_032_1024p7.jpg
data_resize/IDRiD_NAR_003_1024p38.jpg,mask/IDRiD_NAR_003_1024p38.jpg
data_resize/IDRiD_01_p126.jpg,mask/IDRiD_01_p126.jpg
data_resize/IDRiD_51_p51.jpg,mask/IDRiD_51_p51.jpg
data_resize/IDRiD_NAR_060_p35.jpg,mask/IDRiD_NAR_060_p35.jpg
data_resize/IDRiD_35_p24.jpg,mask/IDRiD_35_p24.jpg
data_resize/IDRiD_31_p96.jpg,mask/IDRiD_31_p96.jpg
data_resize/IDRiD_NAR_069_p80.jpg,mask/IDRiD_NAR_069_p80.jpg
data_resize/IDRiD_22_1024p15.jpg,mask/IDRiD_22_1024p15.jpg
data_resize/IDRiD_NAR_054_1024p34.jpg,mask/IDRiD_NAR_054_1024p34.jpg
data_resize/IDRiD_23_1024p6.jpg,mask/IDRiD_23_1024p6.jpg
data_resize/IDRiD_NAR_087_p117.jpg,mask/IDRiD_NAR_087_p117.jpg
data_resize/IDRiD_38_1024p22.jpg,mask/IDRiD_38_1024p22.jpg
data_resize/IDRiD_NAR_022_1024p33.jpg,mask/IDRiD_NAR_022_1024p33.jpg
data_resize/IDRiD_22_p148.jpg,mask/IDRiD_22_p148.jpg
data_resize/IDRiD_NAR_009_p148.jpg,mask/IDRiD_NAR_009_p148.jpg
data_resize/IDRiD_33_1024p32.jpg,mask/IDRiD_33_1024p32.jpg
data_resize/IDRiD_18_1024p28.jpg,mask/IDRiD_18_1024p28.jpg
data_resize/IDRiD_39_p109.jpg,mask/IDRiD_39_p109.jpg
data_resize/IDRiD_53_p124.jpg,mask/IDRiD_53_p124.jpg
data_resize/IDRiD_38_1024p10.jpg,mask/IDRiD_38_1024p10.jpg
data_resize/IDRiD_NAR_034_1024p25.jpg,mask/IDRiD_NAR_034_1024p25.jpg
data_resize/IDRiD_05_p92.jpg,mask/IDRiD_05_p92.jpg
data_resize/IDRiD_NAR_019_1024p26.jpg,mask/IDRiD_NAR_019_1024p26.jpg
data_resize/IDRiD_08_1024p12.jpg,mask/IDRiD_08_1024p12.jpg
data_resize/IDRiD_31_p148.jpg,mask/IDRiD_31_p148.jpg
data_resize/IDRiD_51_1024p24.jpg,mask/IDRiD_51_1024p24.jpg
data_resize/IDRiD_25_p18.jpg,mask/IDRiD_25_p18.jpg
data_resize/IDRiD_30_1024p36.jpg,mask/IDRiD_30_1024p36.jpg
data_resize/IDRiD_37_1024p25.jpg,mask/IDRiD_37_1024p25.jpg
data_resize/IDRiD_51_p50.jpg,mask/IDRiD_51_p50.jpg
data_resize/IDRiD_31_p7.jpg,mask/IDRiD_31_p7.jpg
data_resize/IDRiD_17_p153.jpg,mask/IDRiD_17_p153.jpg
data_resize/IDRiD_19_1024p4.jpg,mask/IDRiD_19_1024p4.jpg
data_resize/IDRiD_NAR_013_p52.jpg,mask/IDRiD_NAR_013_p52.jpg
data_resize/IDRiD_51_1024p32.jpg,mask/IDRiD_51_1024p32.jpg
data_resize/IDRiD_31_1024p14.jpg,mask/IDRiD_31_1024p14.jpg
data_resize/IDRiD_25_p7.jpg,mask/IDRiD_25_p7.jpg
data_resize/IDRiD_NAR_014_1024p24.jpg,mask/IDRiD_NAR_014_1024p24.jpg
data_resize/IDRiD_NAR_025_1024p29.jpg,mask/IDRiD_NAR_025_1024p29.jpg
data_resize/IDRiD_22_1024p8.jpg,mask/IDRiD_22_1024p8.jpg
data_resize/IDRiD_19_1024p16.jpg,mask/IDRiD_19_1024p16.jpg
data_resize/IDRiD_31_p10.jpg,mask/IDRiD_31_p10.jpg
data_resize/IDRiD_NAR_063_p50.jpg,mask/IDRiD_NAR_063_p50.jpg
data_resize/IDRiD_19_p3.jpg,mask/IDRiD_19_p3.jpg
data_resize/IDRiD_NAR_026_p44.jpg,mask/IDRiD_NAR_026_p44.jpg
data_resize/IDRiD_49_p6.jpg,mask/IDRiD_49_p6.jpg
data_resize/IDRiD_39_1024p29.jpg,mask/IDRiD_39_1024p29.jpg
data_resize/IDRiD_03_1024p33.jpg,mask/IDRiD_03_1024p33.jpg
data_resize/IDRiD_32_1024p36.jpg,mask/IDRiD_32_1024p36.jpg
data_resize/IDRiD_49_p53.jpg,mask/IDRiD_49_p53.jpg
data_resize/IDRiD_13_p133.jpg,mask/IDRiD_13_p133.jpg
data_resize/IDRiD_NAR_053_1024p36.jpg,mask/IDRiD_NAR_053_1024p36.jpg
data_resize/IDRiD_51_1024p33.jpg,mask/IDRiD_51_1024p33.jpg
data_resize/IDRiD_35_p69.jpg,mask/IDRiD_35_p69.jpg
data_resize/IDRiD_50_1024p11.jpg,mask/IDRiD_50_1024p11.jpg
data_resize/IDRiD_38_1024p29.jpg,mask/IDRiD_38_1024p29.jpg
data_resize/IDRiD_29_p39.jpg,mask/IDRiD_29_p39.jpg
data_resize/IDRiD_23_p44.jpg,mask/IDRiD_23_p44.jpg
data_resize/IDRiD_NAR_046_1024p0.jpg,mask/IDRiD_NAR_046_1024p0.jpg
data_resize/IDRiD_NAR_064_1024p14.jpg,mask/IDRiD_NAR_064_1024p14.jpg
data_resize/IDRiD_39_1024p35.jpg,mask/IDRiD_39_1024p35.jpg
data_resize/IDRiD_08_1024p3.jpg,mask/IDRiD_08_1024p3.jpg
data_resize/IDRiD_NAR_048_p91.jpg,mask/IDRiD_NAR_048_p91.jpg
data_resize/IDRiD_NAR_014_p56.jpg,mask/IDRiD_NAR_014_p56.jpg
data_resize/IDRiD_01_p101.jpg,mask/IDRiD_01_p101.jpg
data_resize/IDRiD_NAR_041_p2.jpg,mask/IDRiD_NAR_041_p2.jpg
data_resize/IDRiD_18_p78.jpg,mask/IDRiD_18_p78.jpg
data_resize/IDRiD_49_p52.jpg,mask/IDRiD_49_p52.jpg
data_resize/IDRiD_14_1024p23.jpg,mask/IDRiD_14_1024p23.jpg
data_resize/IDRiD_NAR_009_p51.jpg,mask/IDRiD_NAR_009_p51.jpg
data_resize/IDRiD_NAR_029_p117.jpg,mask/IDRiD_NAR_029_p117.jpg
data_resize/IDRiD_27_p80.jpg,mask/IDRiD_27_p80.jpg
data_resize/IDRiD_25_p105.jpg,mask/IDRiD_25_p105.jpg
data_resize/IDRiD_NAR_029_1024p25.jpg,mask/IDRiD_NAR_029_1024p25.jpg
data_resize/IDRiD_NAR_072_1024p10.jpg,mask/IDRiD_NAR_072_1024p10.jpg
data_resize/IDRiD_31_p29.jpg,mask/IDRiD_31_p29.jpg
data_resize/IDRiD_NAR_055_1024p24.jpg,mask/IDRiD_NAR_055_1024p24.jpg
data_resize/IDRiD_NAR_013_1024p29.jpg,mask/IDRiD_NAR_013_1024p29.jpg
data_resize/IDRiD_46_1024p3.jpg,mask/IDRiD_46_1024p3.jpg
data_resize/IDRiD_17_1024p8.jpg,mask/IDRiD_17_1024p8.jpg
data_resize/IDRiD_50_p59.jpg,mask/IDRiD_50_p59.jpg
data_resize/IDRiD_22_p131.jpg,mask/IDRiD_22_p131.jpg
data_resize/IDRiD_31_1024p2.jpg,mask/IDRiD_31_1024p2.jpg
data_resize/IDRiD_49_1024p37.jpg,mask/IDRiD_49_1024p37.jpg
data_resize/IDRiD_06_1024p12.jpg,mask/IDRiD_06_1024p12.jpg
data_resize/IDRiD_NAR_010_p31.jpg,mask/IDRiD_NAR_010_p31.jpg
data_resize/IDRiD_52_1024p38.jpg,mask/IDRiD_52_1024p38.jpg
data_resize/IDRiD_NAR_071_1024p13.jpg,mask/IDRiD_NAR_071_1024p13.jpg
data_resize/IDRiD_NAR_011_1024p20.jpg,mask/IDRiD_NAR_011_1024p20.jpg
data_resize/IDRiD_25_p85.jpg,mask/IDRiD_25_p85.jpg
data_resize/IDRiD_08_p24.jpg,mask/IDRiD_08_p24.jpg
data_resize/IDRiD_39_1024p4.jpg,mask/IDRiD_39_1024p4.jpg
data_resize/IDRiD_14_p14.jpg,mask/IDRiD_14_p14.jpg
data_resize/IDRiD_50_p86.jpg,mask/IDRiD_50_p86.jpg
data_resize/IDRiD_NAR_044_p44.jpg,mask/IDRiD_NAR_044_p44.jpg
data_resize/IDRiD_31_p71.jpg,mask/IDRiD_31_p71.jpg
data_resize/IDRiD_38_p92.jpg,mask/IDRiD_38_p92.jpg
data_resize/IDRiD_46_p91.jpg,mask/IDRiD_46_p91.jpg
data_resize/IDRiD_53_1024p37.jpg,mask/IDRiD_53_1024p37.jpg
data_resize/IDRiD_20_p112.jpg,mask/IDRiD_20_p112.jpg
data_resize/IDRiD_41_1024p3.jpg,mask/IDRiD_41_1024p3.jpg
data_resize/IDRiD_46_p40.jpg,mask/IDRiD_46_p40.jpg
data_resize/IDRiD_31_p98.jpg,mask/IDRiD_31_p98.jpg
data_resize/IDRiD_32_1024p24.jpg,mask/IDRiD_32_1024p24.jpg
data_resize/IDRiD_06_1024p20.jpg,mask/IDRiD_06_1024p20.jpg
data_resize/IDRiD_NAR_064_p120.jpg,mask/IDRiD_NAR_064_p120.jpg
data_resize/IDRiD_50_1024p12.jpg,mask/IDRiD_50_1024p12.jpg
data_resize/IDRiD_25_p4.jpg,mask/IDRiD_25_p4.jpg
data_resize/IDRiD_48_p124.jpg,mask/IDRiD_48_p124.jpg
data_resize/IDRiD_46_p123.jpg,mask/IDRiD_46_p123.jpg
data_resize/IDRiD_NAR_005_p36.jpg,mask/IDRiD_NAR_005_p36.jpg
data_resize/IDRiD_23_1024p13.jpg,mask/IDRiD_23_1024p13.jpg
data_resize/IDRiD_NAR_009_1024p15.jpg,mask/IDRiD_NAR_009_1024p15.jpg
data_resize/IDRiD_NAR_004_1024p3.jpg,mask/IDRiD_NAR_004_1024p3.jpg
data_resize/IDRiD_48_p133.jpg,mask/IDRiD_48_p133.jpg
data_resize/IDRiD_13_p33.jpg,mask/IDRiD_13_p33.jpg
data_resize/IDRiD_33_p101.jpg,mask/IDRiD_33_p101.jpg
data_resize/IDRiD_46_p155.jpg,mask/IDRiD_46_p155.jpg
data_resize/IDRiD_NAR_028_p24.jpg,mask/IDRiD_NAR_028_p24.jpg
data_resize/IDRiD_25_p23.jpg,mask/IDRiD_25_p23.jpg
data_resize/IDRiD_NAR_011_p87.jpg,mask/IDRiD_NAR_011_p87.jpg
data_resize/IDRiD_13_1024p11.jpg,mask/IDRiD_13_1024p11.jpg
data_resize/IDRiD_NAR_080_1024p27.jpg,mask/IDRiD_NAR_080_1024p27.jpg
data_resize/IDRiD_22_p59.jpg,mask/IDRiD_22_p59.jpg
data_resize/IDRiD_49_1024p9.jpg,mask/IDRiD_49_1024p9.jpg
data_resize/IDRiD_50_p57.jpg,mask/IDRiD_50_p57.jpg
data_resize/IDRiD_NAR_055_1024p25.jpg,mask/IDRiD_NAR_055_1024p25.jpg
data_resize/IDRiD_NAR_070_1024p6.jpg,mask/IDRiD_NAR_070_1024p6.jpg
data_resize/IDRiD_51_1024p5.jpg,mask/IDRiD_51_1024p5.jpg
data_resize/IDRiD_46_p116.jpg,mask/IDRiD_46_p116.jpg
data_resize/IDRiD_17_p150.jpg,mask/IDRiD_17_p150.jpg
data_resize/IDRiD_04_p22.jpg,mask/IDRiD_04_p22.jpg
data_resize/IDRiD_NAR_041_p62.jpg,mask/IDRiD_NAR_041_p62.jpg
data_resize/IDRiD_41_1024p1.jpg,mask/IDRiD_41_1024p1.jpg
data_resize/IDRiD_09_p38.jpg,mask/IDRiD_09_p38.jpg
data_resize/IDRiD_NAR_082_1024p33.jpg,mask/IDRiD_NAR_082_1024p33.jpg
data_resize/IDRiD_NAR_046_p3.jpg,mask/IDRiD_NAR_046_p3.jpg
data_resize/IDRiD_52_p55.jpg,mask/IDRiD_52_p55.jpg
data_resize/IDRiD_32_p5.jpg,mask/IDRiD_32_p5.jpg
data_resize/IDRiD_31_p82.jpg,mask/IDRiD_31_p82.jpg
data_resize/IDRiD_NAR_058_p48.jpg,mask/IDRiD_NAR_058_p48.jpg
data_resize/IDRiD_NAR_036_p149.jpg,mask/IDRiD_NAR_036_p149.jpg
data_resize/IDRiD_31_p13.jpg,mask/IDRiD_31_p13.jpg
data_resize/IDRiD_30_p114.jpg,mask/IDRiD_30_p114.jpg
data_resize/IDRiD_32_1024p32.jpg,mask/IDRiD_32_1024p32.jpg
data_resize/IDRiD_19_p156.jpg,mask/IDRiD_19_p156.jpg
data_resize/IDRiD_33_p145.jpg,mask/IDRiD_33_p145.jpg
data_resize/IDRiD_48_1024p23.jpg,mask/IDRiD_48_1024p23.jpg
data_resize/IDRiD_NAR_069_p148.jpg,mask/IDRiD_NAR_069_p148.jpg
data_resize/IDRiD_05_p75.jpg,mask/IDRiD_05_p75.jpg
data_resize/IDRiD_46_p135.jpg,mask/IDRiD_46_p135.jpg
data_resize/IDRiD_NAR_088_1024p9.jpg,mask/IDRiD_NAR_088_1024p9.jpg
data_resize/IDRiD_38_1024p37.jpg,mask/IDRiD_38_1024p37.jpg
data_resize/IDRiD_NAR_047_p103.jpg,mask/IDRiD_NAR_047_p103.jpg
data_resize/IDRiD_29_p12.jpg,mask/IDRiD_29_p12.jpg
data_resize/IDRiD_50_p26.jpg,mask/IDRiD_50_p26.jpg
data_resize/IDRiD_NAR_074_p147.jpg,mask/IDRiD_NAR_074_p147.jpg
data_resize/IDRiD_18_p93.jpg,mask/IDRiD_18_p93.jpg
data_resize/IDRiD_NAR_009_p60.jpg,mask/IDRiD_NAR_009_p60.jpg
data_resize/IDRiD_48_1024p30.jpg,mask/IDRiD_48_1024p30.jpg
data_resize/IDRiD_23_1024p2.jpg,mask/IDRiD_23_1024p2.jpg
data_resize/IDRiD_08_1024p5.jpg,mask/IDRiD_08_1024p5.jpg
data_resize/IDRiD_48_p37.jpg,mask/IDRiD_48_p37.jpg
data_resize/IDRiD_50_p41.jpg,mask/IDRiD_50_p41.jpg
data_resize/IDRiD_48_p92.jpg,mask/IDRiD_48_p92.jpg
data_resize/IDRiD_50_p109.jpg,mask/IDRiD_50_p109.jpg
data_resize/IDRiD_25_p3.jpg,mask/IDRiD_25_p3.jpg
data_resize/IDRiD_39_p153.jpg,mask/IDRiD_39_p153.jpg
data_resize/IDRiD_NAR_083_p136.jpg,mask/IDRiD_NAR_083_p136.jpg
data_resize/IDRiD_30_p153.jpg,mask/IDRiD_30_p153.jpg
data_resize/IDRiD_18_1024p14.jpg,mask/IDRiD_18_1024p14.jpg
data_resize/IDRiD_32_1024p33.jpg,mask/IDRiD_32_1024p33.jpg
data_resize/IDRiD_NAR_058_1024p35.jpg,mask/IDRiD_NAR_058_1024p35.jpg
data_resize/IDRiD_25_p89.jpg,mask/IDRiD_25_p89.jpg
data_resize/IDRiD_NAR_009_p115.jpg,mask/IDRiD_NAR_009_p115.jpg
data_resize/IDRiD_52_p141.jpg,mask/IDRiD_52_p141.jpg
data_resize/IDRiD_19_1024p1.jpg,mask/IDRiD_19_1024p1.jpg
data_resize/IDRiD_08_1024p10.jpg,mask/IDRiD_08_1024p10.jpg
data_resize/IDRiD_22_p147.jpg,mask/IDRiD_22_p147.jpg
data_resize/IDRiD_48_p21.jpg,mask/IDRiD_48_p21.jpg
data_resize/IDRiD_NAR_060_p37.jpg,mask/IDRiD_NAR_060_p37.jpg
data_resize/IDRiD_46_1024p37.jpg,mask/IDRiD_46_1024p37.jpg
data_resize/IDRiD_35_1024p25.jpg,mask/IDRiD_35_1024p25.jpg
data_resize/IDRiD_NAR_025_p12.jpg,mask/IDRiD_NAR_025_p12.jpg
data_resize/IDRiD_53_p64.jpg,mask/IDRiD_53_p64.jpg
data_resize/IDRiD_25_1024p17.jpg,mask/IDRiD_25_1024p17.jpg
data_resize/IDRiD_51_p83.jpg,mask/IDRiD_51_p83.jpg
data_resize/IDRiD_02_1024p28.jpg,mask/IDRiD_02_1024p28.jpg
data_resize/IDRiD_NAR_058_p33.jpg,mask/IDRiD_NAR_058_p33.jpg
data_resize/IDRiD_39_1024p32.jpg,mask/IDRiD_39_1024p32.jpg
data_resize/IDRiD_NAR_078_p32.jpg,mask/IDRiD_NAR_078_p32.jpg
data_resize/IDRiD_NAR_022_p99.jpg,mask/IDRiD_NAR_022_p99.jpg
data_resize/IDRiD_51_p9.jpg,mask/IDRiD_51_p9.jpg
data_resize/IDRiD_25_p106.jpg,mask/IDRiD_25_p106.jpg
data_resize/IDRiD_NAR_001_p54.jpg,mask/IDRiD_NAR_001_p54.jpg
data_resize/IDRiD_31_p25.jpg,mask/IDRiD_31_p25.jpg
data_resize/IDRiD_32_1024p5.jpg,mask/IDRiD_32_1024p5.jpg
data_resize/IDRiD_NAR_054_1024p15.jpg,mask/IDRiD_NAR_054_1024p15.jpg
data_resize/IDRiD_NAR_037_1024p28.jpg,mask/IDRiD_NAR_037_1024p28.jpg
data_resize/IDRiD_50_p10.jpg,mask/IDRiD_50_p10.jpg
data_resize/IDRiD_NAR_004_1024p35.jpg,mask/IDRiD_NAR_004_1024p35.jpg
data_resize/IDRiD_22_p28.jpg,mask/IDRiD_22_p28.jpg
data_resize/IDRiD_NAR_075_p137.jpg,mask/IDRiD_NAR_075_p137.jpg
data_resize/IDRiD_NAR_040_1024p5.jpg,mask/IDRiD_NAR_040_1024p5.jpg
data_resize/IDRiD_23_p151.jpg,mask/IDRiD_23_p151.jpg
data_resize/IDRiD_32_p148.jpg,mask/IDRiD_32_p148.jpg
data_resize/IDRiD_54_1024p33.jpg,mask/IDRiD_54_1024p33.jpg
data_resize/IDRiD_22_p19.jpg,mask/IDRiD_22_p19.jpg
data_resize/IDRiD_23_p18.jpg,mask/IDRiD_23_p18.jpg
data_resize/IDRiD_31_p149.jpg,mask/IDRiD_31_p149.jpg
data_resize/IDRiD_25_1024p27.jpg,mask/IDRiD_25_1024p27.jpg
data_resize/IDRiD_13_p146.jpg,mask/IDRiD_13_p146.jpg
data_resize/IDRiD_NAR_013_p93.jpg,mask/IDRiD_NAR_013_p93.jpg
data_resize/IDRiD_NAR_058_1024p21.jpg,mask/IDRiD_NAR_058_1024p21.jpg
data_resize/IDRiD_25_1024p0.jpg,mask/IDRiD_25_1024p0.jpg
data_resize/IDRiD_21_p5.jpg,mask/IDRiD_21_p5.jpg
data_resize/IDRiD_13_1024p10.jpg,mask/IDRiD_13_1024p10.jpg
data_resize/IDRiD_NAR_028_p141.jpg,mask/IDRiD_NAR_028_p141.jpg
data_resize/IDRiD_48_p108.jpg,mask/IDRiD_48_p108.jpg
data_resize/IDRiD_NAR_087_p126.jpg,mask/IDRiD_NAR_087_p126.jpg
data_resize/IDRiD_54_p148.jpg,mask/IDRiD_54_p148.jpg
data_resize/IDRiD_52_p59.jpg,mask/IDRiD_52_p59.jpg
data_resize/IDRiD_52_p140.jpg,mask/IDRiD_52_p140.jpg
data_resize/IDRiD_52_p125.jpg,mask/IDRiD_52_p125.jpg
data_resize/IDRiD_22_p27.jpg,mask/IDRiD_22_p27.jpg
data_resize/IDRiD_NAR_057_p22.jpg,mask/IDRiD_NAR_057_p22.jpg
data_resize/IDRiD_10_p35.jpg,mask/IDRiD_10_p35.jpg
data_resize/IDRiD_48_p109.jpg,mask/IDRiD_48_p109.jpg
data_resize/IDRiD_30_p154.jpg,mask/IDRiD_30_p154.jpg
data_resize/IDRiD_48_p134.jpg,mask/IDRiD_48_p134.jpg
data_resize/IDRiD_NAR_010_1024p22.jpg,mask/IDRiD_NAR_010_1024p22.jpg
data_resize/IDRiD_NAR_030_1024p25.jpg,mask/IDRiD_NAR_030_1024p25.jpg
data_resize/IDRiD_NAR_048_1024p8.jpg,mask/IDRiD_NAR_048_1024p8.jpg
data_resize/IDRiD_NAR_038_1024p32.jpg,mask/IDRiD_NAR_038_1024p32.jpg
data_resize/IDRiD_39_p5.jpg,mask/IDRiD_39_p5.jpg
data_resize/IDRiD_22_1024p13.jpg,mask/IDRiD_22_1024p13.jpg
data_resize/IDRiD_NAR_060_p26.jpg,mask/IDRiD_NAR_060_p26.jpg
data_resize/IDRiD_NAR_080_p72.jpg,mask/IDRiD_NAR_080_p72.jpg
data_resize/IDRiD_18_p127.jpg,mask/IDRiD_18_p127.jpg
data_resize/IDRiD_13_p70.jpg,mask/IDRiD_13_p70.jpg
data_resize/IDRiD_35_p147.jpg,mask/IDRiD_35_p147.jpg
data_resize/IDRiD_54_1024p26.jpg,mask/IDRiD_54_1024p26.jpg
data_resize/IDRiD_15_p133.jpg,mask/IDRiD_15_p133.jpg
data_resize/IDRiD_19_1024p17.jpg,mask/IDRiD_19_1024p17.jpg
data_resize/IDRiD_31_p11.jpg,mask/IDRiD_31_p11.jpg
data_resize/IDRiD_46_p51.jpg,mask/IDRiD_46_p51.jpg
data_resize/IDRiD_18_p133.jpg,mask/IDRiD_18_p133.jpg
data_resize/IDRiD_22_1024p6.jpg,mask/IDRiD_22_1024p6.jpg
data_resize/IDRiD_08_1024p19.jpg,mask/IDRiD_08_1024p19.jpg
data_resize/IDRiD_NAR_026_p77.jpg,mask/IDRiD_NAR_026_p77.jpg
data_resize/IDRiD_23_p59.jpg,mask/IDRiD_23_p59.jpg
data_resize/IDRiD_18_p10.jpg,mask/IDRiD_18_p10.jpg
data_resize/IDRiD_35_1024p12.jpg,mask/IDRiD_35_1024p12.jpg
data_resize/IDRiD_NAR_003_1024p18.jpg,mask/IDRiD_NAR_003_1024p18.jpg
data_resize/IDRiD_NAR_072_1024p27.jpg,mask/IDRiD_NAR_072_1024p27.jpg
data_resize/IDRiD_10_1024p30.jpg,mask/IDRiD_10_1024p30.jpg
data_resize/IDRiD_NAR_067_p47.jpg,mask/IDRiD_NAR_067_p47.jpg
data_resize/IDRiD_14_p11.jpg,mask/IDRiD_14_p11.jpg
data_resize/IDRiD_48_p148.jpg,mask/IDRiD_48_p148.jpg
data_resize/IDRiD_51_p146.jpg,mask/IDRiD_51_p146.jpg
data_resize/IDRiD_46_p156.jpg,mask/IDRiD_46_p156.jpg
data_resize/IDRiD_51_p103.jpg,mask/IDRiD_51_p103.jpg
data_resize/IDRiD_NAR_034_p102.jpg,mask/IDRiD_NAR_034_p102.jpg
data_resize/IDRiD_NAR_077_1024p21.jpg,mask/IDRiD_NAR_077_1024p21.jpg
data_resize/IDRiD_NAR_065_p88.jpg,mask/IDRiD_NAR_065_p88.jpg
data_resize/IDRiD_28_p137.jpg,mask/IDRiD_28_p137.jpg
data_resize/IDRiD_NAR_014_p66.jpg,mask/IDRiD_NAR_014_p66.jpg
data_resize/IDRiD_49_1024p0.jpg,mask/IDRiD_49_1024p0.jpg
data_resize/IDRiD_19_p5.jpg,mask/IDRiD_19_p5.jpg
data_resize/IDRiD_35_p144.jpg,mask/IDRiD_35_p144.jpg
data_resize/IDRiD_51_1024p3.jpg,mask/IDRiD_51_1024p3.jpg
data_resize/IDRiD_NAR_027_p81.jpg,mask/IDRiD_NAR_027_p81.jpg
data_resize/IDRiD_NAR_064_p137.jpg,mask/IDRiD_NAR_064_p137.jpg
data_resize/IDRiD_40_p102.jpg,mask/IDRiD_40_p102.jpg
data_resize/IDRiD_49_1024p3.jpg,mask/IDRiD_49_1024p3.jpg
data_resize/IDRiD_53_1024p4.jpg,mask/IDRiD_53_1024p4.jpg
data_resize/IDRiD_43_1024p2.jpg,mask/IDRiD_43_1024p2.jpg
data_resize/IDRiD_07_1024p28.jpg,mask/IDRiD_07_1024p28.jpg
data_resize/IDRiD_23_p7.jpg,mask/IDRiD_23_p7.jpg
data_resize/IDRiD_17_p88.jpg,mask/IDRiD_17_p88.jpg
data_resize/IDRiD_NAR_020_p27.jpg,mask/IDRiD_NAR_020_p27.jpg
data_resize/IDRiD_22_p130.jpg,mask/IDRiD_22_p130.jpg
data_resize/IDRiD_NAR_028_p33.jpg,mask/IDRiD_NAR_028_p33.jpg
data_resize/IDRiD_22_p29.jpg,mask/IDRiD_22_p29.jpg
data_resize/IDRiD_22_p105.jpg,mask/IDRiD_22_p105.jpg
data_resize/IDRiD_NAR_028_1024p18.jpg,mask/IDRiD_NAR_028_1024p18.jpg
data_resize/IDRiD_50_p11.jpg,mask/IDRiD_50_p11.jpg
data_resize/IDRiD_NAR_086_1024p23.jpg,mask/IDRiD_NAR_086_1024p23.jpg
data_resize/IDRiD_13_1024p28.jpg,mask/IDRiD_13_1024p28.jpg
data_resize/IDRiD_19_1024p33.jpg,mask/IDRiD_19_1024p33.jpg
data_resize/IDRiD_52_1024p37.jpg,mask/IDRiD_52_1024p37.jpg
data_resize/IDRiD_NAR_027_1024p13.jpg,mask/IDRiD_NAR_027_1024p13.jpg
data_resize/IDRiD_NAR_083_1024p9.jpg,mask/IDRiD_NAR_083_1024p9.jpg
data_resize/IDRiD_48_1024p33.jpg,mask/IDRiD_48_1024p33.jpg
data_resize/IDRiD_35_p39.jpg,mask/IDRiD_35_p39.jpg
data_resize/IDRiD_25_1024p3.jpg,mask/IDRiD_25_1024p3.jpg
data_resize/IDRiD_NAR_083_1024p7.jpg,mask/IDRiD_NAR_083_1024p7.jpg
data_resize/IDRiD_50_p124.jpg,mask/IDRiD_50_p124.jpg
data_resize/IDRiD_50_1024p18.jpg,mask/IDRiD_50_1024p18.jpg
data_resize/IDRiD_24_p64.jpg,mask/IDRiD_24_p64.jpg
data_resize/IDRiD_22_p34.jpg,mask/IDRiD_22_p34.jpg
data_resize/IDRiD_NAR_027_p21.jpg,mask/IDRiD_NAR_027_p21.jpg
data_resize/IDRiD_NAR_022_p143.jpg,mask/IDRiD_NAR_022_p143.jpg
data_resize/IDRiD_NAR_075_1024p8.jpg,mask/IDRiD_NAR_075_1024p8.jpg
data_resize/IDRiD_NAR_047_p13.jpg,mask/IDRiD_NAR_047_p13.jpg
data_resize/IDRiD_NAR_069_p20.jpg,mask/IDRiD_NAR_069_p20.jpg
data_resize/IDRiD_08_p70.jpg,mask/IDRiD_08_p70.jpg
data_resize/IDRiD_35_p70.jpg,mask/IDRiD_35_p70.jpg
data_resize/IDRiD_28_1024p36.jpg,mask/IDRiD_28_1024p36.jpg
data_resize/IDRiD_22_1024p4.jpg,mask/IDRiD_22_1024p4.jpg
data_resize/IDRiD_NAR_016_p10.jpg,mask/IDRiD_NAR_016_p10.jpg
data_resize/IDRiD_16_1024p23.jpg,mask/IDRiD_16_1024p23.jpg
data_resize/IDRiD_27_1024p23.jpg,mask/IDRiD_27_1024p23.jpg
data_resize/IDRiD_NAR_082_1024p13.jpg,mask/IDRiD_NAR_082_1024p13.jpg
data_resize/IDRiD_NAR_037_1024p12.jpg,mask/IDRiD_NAR_037_1024p12.jpg
data_resize/IDRiD_13_p134.jpg,mask/IDRiD_13_p134.jpg
data_resize/IDRiD_23_p6.jpg,mask/IDRiD_23_p6.jpg
data_resize/IDRiD_50_p27.jpg,mask/IDRiD_50_p27.jpg
data_resize/IDRiD_NAR_088_1024p34.jpg,mask/IDRiD_NAR_088_1024p34.jpg
data_resize/IDRiD_39_p146.jpg,mask/IDRiD_39_p146.jpg
data_resize/IDRiD_52_p139.jpg,mask/IDRiD_52_p139.jpg
data_resize/IDRiD_25_p100.jpg,mask/IDRiD_25_p100.jpg
data_resize/IDRiD_NAR_030_1024p17.jpg,mask/IDRiD_NAR_030_1024p17.jpg
data_resize/IDRiD_04_1024p23.jpg,mask/IDRiD_04_1024p23.jpg
data_resize/IDRiD_39_p21.jpg,mask/IDRiD_39_p21.jpg
data_resize/IDRiD_48_p155.jpg,mask/IDRiD_48_p155.jpg
data_resize/IDRiD_22_p44.jpg,mask/IDRiD_22_p44.jpg
data_resize/IDRiD_NAR_081_1024p22.jpg,mask/IDRiD_NAR_081_1024p22.jpg
data_resize/IDRiD_NAR_076_p83.jpg,mask/IDRiD_NAR_076_p83.jpg
data_resize/IDRiD_48_p40.jpg,mask/IDRiD_48_p40.jpg
data_resize/IDRiD_25_p19.jpg,mask/IDRiD_25_p19.jpg
data_resize/IDRiD_NAR_003_p148.jpg,mask/IDRiD_NAR_003_p148.jpg
data_resize/IDRiD_NAR_040_p148.jpg,mask/IDRiD_NAR_040_p148.jpg
data_resize/IDRiD_04_p20.jpg,mask/IDRiD_04_p20.jpg
data_resize/IDRiD_36_p144.jpg,mask/IDRiD_36_p144.jpg
data_resize/IDRiD_47_1024p30.jpg,mask/IDRiD_47_1024p30.jpg
data_resize/IDRiD_39_p19.jpg,mask/IDRiD_39_p19.jpg
data_resize/IDRiD_18_1024p26.jpg,mask/IDRiD_18_1024p26.jpg
data_resize/IDRiD_46_p33.jpg,mask/IDRiD_46_p33.jpg
data_resize/IDRiD_NAR_072_p8.jpg,mask/IDRiD_NAR_072_p8.jpg
data_resize/IDRiD_18_p28.jpg,mask/IDRiD_18_p28.jpg
data_resize/IDRiD_NAR_049_p16.jpg,mask/IDRiD_NAR_049_p16.jpg
data_resize/IDRiD_NAR_047_p134.jpg,mask/IDRiD_NAR_047_p134.jpg
data_resize/IDRiD_43_1024p37.jpg,mask/IDRiD_43_1024p37.jpg
data_resize/IDRiD_19_p152.jpg,mask/IDRiD_19_p152.jpg
data_resize/IDRiD_NAR_075_1024p1.jpg,mask/IDRiD_NAR_075_1024p1.jpg
data_resize/IDRiD_NAR_004_1024p7.jpg,mask/IDRiD_NAR_004_1024p7.jpg
data_resize/IDRiD_NAR_047_p2.jpg,mask/IDRiD_NAR_047_p2.jpg
data_resize/IDRiD_NAR_078_1024p4.jpg,mask/IDRiD_NAR_078_1024p4.jpg
data_resize/IDRiD_46_p152.jpg,mask/IDRiD_46_p152.jpg
data_resize/IDRiD_38_1024p34.jpg,mask/IDRiD_38_1024p34.jpg
data_resize/IDRiD_NAR_029_p59.jpg,mask/IDRiD_NAR_029_p59.jpg
data_resize/IDRiD_NAR_055_1024p16.jpg,mask/IDRiD_NAR_055_1024p16.jpg
data_resize/IDRiD_03_p149.jpg,mask/IDRiD_03_p149.jpg
data_resize/IDRiD_18_p26.jpg,mask/IDRiD_18_p26.jpg
data_resize/IDRiD_14_p43.jpg,mask/IDRiD_14_p43.jpg
data_resize/IDRiD_13_1024p0.jpg,mask/IDRiD_13_1024p0.jpg
data_resize/IDRiD_39_p154.jpg,mask/IDRiD_39_p154.jpg
data_resize/IDRiD_NAR_068_p86.jpg,mask/IDRiD_NAR_068_p86.jpg
data_resize/IDRiD_NAR_047_1024p24.jpg,mask/IDRiD_NAR_047_1024p24.jpg
data_resize/IDRiD_54_p150.jpg,mask/IDRiD_54_p150.jpg
data_resize/IDRiD_52_1024p13.jpg,mask/IDRiD_52_1024p13.jpg
data_resize/IDRiD_NAR_027_p117.jpg,mask/IDRiD_NAR_027_p117.jpg
data_resize/IDRiD_19_p140.jpg,mask/IDRiD_19_p140.jpg
data_resize/IDRiD_13_p87.jpg,mask/IDRiD_13_p87.jpg
data_resize/IDRiD_19_p4.jpg,mask/IDRiD_19_p4.jpg
data_resize/IDRiD_NAR_005_1024p30.jpg,mask/IDRiD_NAR_005_1024p30.jpg
data_resize/IDRiD_54_p113.jpg,mask/IDRiD_54_p113.jpg
data_resize/IDRiD_31_p80.jpg,mask/IDRiD_31_p80.jpg
data_resize/IDRiD_39_1024p24.jpg,mask/IDRiD_39_1024p24.jpg
data_resize/IDRiD_54_1024p35.jpg,mask/IDRiD_54_1024p35.jpg
data_resize/IDRiD_NAR_041_p106.jpg,mask/IDRiD_NAR_041_p106.jpg
data_resize/IDRiD_17_p3.jpg,mask/IDRiD_17_p3.jpg
data_resize/IDRiD_NAR_012_1024p38.jpg,mask/IDRiD_NAR_012_1024p38.jpg
data_resize/IDRiD_33_1024p33.jpg,mask/IDRiD_33_1024p33.jpg
data_resize/IDRiD_08_p38.jpg,mask/IDRiD_08_p38.jpg
data_resize/IDRiD_NAR_062_p3.jpg,mask/IDRiD_NAR_062_p3.jpg
data_resize/IDRiD_18_p51.jpg,mask/IDRiD_18_p51.jpg
data_resize/IDRiD_19_p129.jpg,mask/IDRiD_19_p129.jpg
data_resize/IDRiD_42_1024p29.jpg,mask/IDRiD_42_1024p29.jpg
data_resize/IDRiD_31_1024p3.jpg,mask/IDRiD_31_1024p3.jpg
data_resize/IDRiD_10_1024p3.jpg,mask/IDRiD_10_1024p3.jpg
data_resize/IDRiD_12_1024p14.jpg,mask/IDRiD_12_1024p14.jpg
data_resize/IDRiD_NAR_020_1024p4.jpg,mask/IDRiD_NAR_020_1024p4.jpg
data_resize/IDRiD_25_1024p28.jpg,mask/IDRiD_25_1024p28.jpg
data_resize/IDRiD_22_p145.jpg,mask/IDRiD_22_p145.jpg
data_resize/IDRiD_NAR_073_1024p30.jpg,mask/IDRiD_NAR_073_1024p30.jpg
data_resize/IDRiD_54_p146.jpg,mask/IDRiD_54_p146.jpg
data_resize/IDRiD_13_1024p25.jpg,mask/IDRiD_13_1024p25.jpg
data_resize/IDRiD_32_p26.jpg,mask/IDRiD_32_p26.jpg
data_resize/IDRiD_53_1024p34.jpg,mask/IDRiD_53_1024p34.jpg
data_resize/IDRiD_50_p108.jpg,mask/IDRiD_50_p108.jpg
data_resize/IDRiD_NAR_088_p149.jpg,mask/IDRiD_NAR_088_p149.jpg
data_resize/IDRiD_17_p152.jpg,mask/IDRiD_17_p152.jpg
data_resize/IDRiD_17_p108.jpg,mask/IDRiD_17_p108.jpg
data_resize/IDRiD_46_1024p4.jpg,mask/IDRiD_46_1024p4.jpg
data_resize/IDRiD_51_p8.jpg,mask/IDRiD_51_p8.jpg
data_resize/IDRiD_NAR_050_p113.jpg,mask/IDRiD_NAR_050_p113.jpg
data_resize/IDRiD_39_p4.jpg,mask/IDRiD_39_p4.jpg
data_resize/IDRiD_22_p60.jpg,mask/IDRiD_22_p60.jpg
data_resize/IDRiD_48_p68.jpg,mask/IDRiD_48_p68.jpg
data_resize/IDRiD_13_1024p19.jpg,mask/IDRiD_13_1024p19.jpg
data_resize/IDRiD_13_p129.jpg,mask/IDRiD_13_p129.jpg
data_resize/IDRiD_54_p157.jpg,mask/IDRiD_54_p157.jpg
data_resize/IDRiD_32_p9.jpg,mask/IDRiD_32_p9.jpg
data_resize/IDRiD_NAR_041_p134.jpg,mask/IDRiD_NAR_041_p134.jpg
data_resize/IDRiD_19_1024p14.jpg,mask/IDRiD_19_1024p14.jpg
data_resize/IDRiD_14_1024p5.jpg,mask/IDRiD_14_1024p5.jpg
data_resize/IDRiD_54_p114.jpg,mask/IDRiD_54_p114.jpg
data_resize/IDRiD_38_p59.jpg,mask/IDRiD_38_p59.jpg
data_resize/IDRiD_NAR_019_1024p18.jpg,mask/IDRiD_NAR_019_1024p18.jpg
data_resize/IDRiD_25_1024p26.jpg,mask/IDRiD_25_1024p26.jpg
data_resize/IDRiD_NAR_012_p46.jpg,mask/IDRiD_NAR_012_p46.jpg
data_resize/IDRiD_49_p20.jpg,mask/IDRiD_49_p20.jpg
data_resize/IDRiD_31_1024p8.jpg,mask/IDRiD_31_1024p8.jpg
data_resize/IDRiD_08_p40.jpg,mask/IDRiD_08_p40.jpg
data_resize/IDRiD_NAR_004_1024p17.jpg,mask/IDRiD_NAR_004_1024p17.jpg
data_resize/IDRiD_39_1024p37.jpg,mask/IDRiD_39_1024p37.jpg
data_resize/IDRiD_37_p122.jpg,mask/IDRiD_37_p122.jpg
data_resize/IDRiD_12_1024p18.jpg,mask/IDRiD_12_1024p18.jpg
data_resize/IDRiD_52_1024p12.jpg,mask/IDRiD_52_1024p12.jpg
data_resize/IDRiD_32_p136.jpg,mask/IDRiD_32_p136.jpg
data_resize/IDRiD_NAR_066_p132.jpg,mask/IDRiD_NAR_066_p132.jpg
data_resize/IDRiD_NAR_079_p24.jpg,mask/IDRiD_NAR_079_p24.jpg
data_resize/IDRiD_NAR_041_1024p26.jpg,mask/IDRiD_NAR_041_1024p26.jpg
data_resize/IDRiD_35_p40.jpg,mask/IDRiD_35_p40.jpg
data_resize/IDRiD_25_p83.jpg,mask/IDRiD_25_p83.jpg
data_resize/IDRiD_31_p27.jpg,mask/IDRiD_31_p27.jpg
data_resize/IDRiD_NAR_084_p121.jpg,mask/IDRiD_NAR_084_p121.jpg
data_resize/IDRiD_23_1024p36.jpg,mask/IDRiD_23_1024p36.jpg
data_resize/IDRiD_NAR_085_1024p37.jpg,mask/IDRiD_NAR_085_1024p37.jpg
data_resize/IDRiD_NAR_058_1024p26.jpg,mask/IDRiD_NAR_058_1024p26.jpg
data_resize/IDRiD_NAR_087_1024p35.jpg,mask/IDRiD_NAR_087_1024p35.jpg
data_resize/IDRiD_23_1024p35.jpg,mask/IDRiD_23_1024p35.jpg
data_resize/IDRiD_05_1024p22.jpg,mask/IDRiD_05_1024p22.jpg
data_resize/IDRiD_NAR_063_p60.jpg,mask/IDRiD_NAR_063_p60.jpg
data_resize/IDRiD_22_p61.jpg,mask/IDRiD_22_p61.jpg
data_resize/IDRiD_19_p151.jpg,mask/IDRiD_19_p151.jpg
data_resize/IDRiD_14_p27.jpg,mask/IDRiD_14_p27.jpg
data_resize/IDRiD_19_1024p2.jpg,mask/IDRiD_19_1024p2.jpg
data_resize/IDRiD_NAR_051_p21.jpg,mask/IDRiD_NAR_051_p21.jpg
data_resize/IDRiD_NAR_003_p109.jpg,mask/IDRiD_NAR_003_p109.jpg
data_resize/IDRiD_39_1024p38.jpg,mask/IDRiD_39_1024p38.jpg
data_resize/IDRiD_NAR_021_1024p26.jpg,mask/IDRiD_NAR_021_1024p26.jpg
data_resize/IDRiD_NAR_023_1024p15.jpg,mask/IDRiD_NAR_023_1024p15.jpg
data_resize/IDRiD_39_p27.jpg,mask/IDRiD_39_p27.jpg
data_resize/IDRiD_NAR_030_p60.jpg,mask/IDRiD_NAR_030_p60.jpg
data_resize/IDRiD_NAR_084_p87.jpg,mask/IDRiD_NAR_084_p87.jpg
data_resize/IDRiD_52_p42.jpg,mask/IDRiD_52_p42.jpg
data_resize/IDRiD_50_1024p37.jpg,mask/IDRiD_50_1024p37.jpg
data_resize/IDRiD_53_1024p39.jpg,mask/IDRiD_53_1024p39.jpg
data_resize/IDRiD_52_1024p29.jpg,mask/IDRiD_52_1024p29.jpg
data_resize/IDRiD_51_p86.jpg,mask/IDRiD_51_p86.jpg
data_resize/IDRiD_46_1024p29.jpg,mask/IDRiD_46_1024p29.jpg
data_resize/IDRiD_01_p58.jpg,mask/IDRiD_01_p58.jpg
data_resize/IDRiD_03_p150.jpg,mask/IDRiD_03_p150.jpg
data_resize/IDRiD_17_1024p0.jpg,mask/IDRiD_17_1024p0.jpg
data_resize/IDRiD_02_p142.jpg,mask/IDRiD_02_p142.jpg
data_resize/IDRiD_53_p135.jpg,mask/IDRiD_53_p135.jpg
data_resize/IDRiD_38_1024p5.jpg,mask/IDRiD_38_1024p5.jpg
data_resize/IDRiD_NAR_020_1024p15.jpg,mask/IDRiD_NAR_020_1024p15.jpg
data_resize/IDRiD_13_p149.jpg,mask/IDRiD_13_p149.jpg
data_resize/IDRiD_48_p85.jpg,mask/IDRiD_48_p85.jpg
data_resize/IDRiD_17_p93.jpg,mask/IDRiD_17_p93.jpg
data_resize/IDRiD_52_1024p5.jpg,mask/IDRiD_52_1024p5.jpg
data_resize/IDRiD_NAR_023_1024p24.jpg,mask/IDRiD_NAR_023_1024p24.jpg
data_resize/IDRiD_46_p141.jpg,mask/IDRiD_46_p141.jpg
data_resize/IDRiD_NAR_029_p79.jpg,mask/IDRiD_NAR_029_p79.jpg
data_resize/IDRiD_31_1024p25.jpg,mask/IDRiD_31_1024p25.jpg
data_resize/IDRiD_54_p145.jpg,mask/IDRiD_54_p145.jpg
data_resize/IDRiD_01_p45.jpg,mask/IDRiD_01_p45.jpg
data_resize/IDRiD_52_1024p21.jpg,mask/IDRiD_52_1024p21.jpg
data_resize/IDRiD_NAR_043_p10.jpg,mask/IDRiD_NAR_043_p10.jpg
data_resize/IDRiD_47_1024p34.jpg,mask/IDRiD_47_1024p34.jpg
data_resize/IDRiD_39_p42.jpg,mask/IDRiD_39_p42.jpg
data_resize/IDRiD_36_1024p37.jpg,mask/IDRiD_36_1024p37.jpg
data_resize/IDRiD_NAR_018_1024p37.jpg,mask/IDRiD_NAR_018_1024p37.jpg
data_resize/IDRiD_13_1024p9.jpg,mask/IDRiD_13_1024p9.jpg
data_resize/IDRiD_39_p11.jpg,mask/IDRiD_39_p11.jpg
data_resize/IDRiD_35_1024p24.jpg,mask/IDRiD_35_1024p24.jpg
data_resize/IDRiD_NAR_062_1024p12.jpg,mask/IDRiD_NAR_062_1024p12.jpg
data_resize/IDRiD_22_p8.jpg,mask/IDRiD_22_p8.jpg
data_resize/IDRiD_46_p151.jpg,mask/IDRiD_46_p151.jpg
data_resize/IDRiD_17_p137.jpg,mask/IDRiD_17_p137.jpg
data_resize/IDRiD_32_p142.jpg,mask/IDRiD_32_p142.jpg
data_resize/IDRiD_51_p67.jpg,mask/IDRiD_51_p67.jpg
data_resize/IDRiD_NAR_013_1024p12.jpg,mask/IDRiD_NAR_013_1024p12.jpg
data_resize/IDRiD_38_p4.jpg,mask/IDRiD_38_p4.jpg
data_resize/IDRiD_17_p49.jpg,mask/IDRiD_17_p49.jpg
data_resize/IDRiD_15_p30.jpg,mask/IDRiD_15_p30.jpg
data_resize/IDRiD_15_p83.jpg,mask/IDRiD_15_p83.jpg
data_resize/IDRiD_32_p8.jpg,mask/IDRiD_32_p8.jpg
data_resize/IDRiD_NAR_010_1024p2.jpg,mask/IDRiD_NAR_010_1024p2.jpg
data_resize/IDRiD_25_1024p11.jpg,mask/IDRiD_25_1024p11.jpg
data_resize/IDRiD_02_p152.jpg,mask/IDRiD_02_p152.jpg
data_resize/IDRiD_23_1024p3.jpg,mask/IDRiD_23_1024p3.jpg
data_resize/IDRiD_18_p77.jpg,mask/IDRiD_18_p77.jpg
data_resize/IDRiD_38_1024p23.jpg,mask/IDRiD_38_1024p23.jpg
data_resize/IDRiD_17_p18.jpg,mask/IDRiD_17_p18.jpg
data_resize/IDRiD_30_p9.jpg,mask/IDRiD_30_p9.jpg
data_resize/IDRiD_NAR_069_p62.jpg,mask/IDRiD_NAR_069_p62.jpg
data_resize/IDRiD_18_1024p35.jpg,mask/IDRiD_18_1024p35.jpg
data_resize/IDRiD_17_p136.jpg,mask/IDRiD_17_p136.jpg
data_resize/IDRiD_54_p130.jpg,mask/IDRiD_54_p130.jpg
data_resize/IDRiD_16_1024p15.jpg,mask/IDRiD_16_1024p15.jpg
data_resize/IDRiD_19_p37.jpg,mask/IDRiD_19_p37.jpg
data_resize/IDRiD_54_p132.jpg,mask/IDRiD_54_p132.jpg
data_resize/IDRiD_19_p125.jpg,mask/IDRiD_19_p125.jpg
data_resize/IDRiD_35_1024p7.jpg,mask/IDRiD_35_1024p7.jpg
data_resize/IDRiD_NAR_041_p35.jpg,mask/IDRiD_NAR_041_p35.jpg
data_resize/IDRiD_38_p124.jpg,mask/IDRiD_38_p124.jpg
data_resize/IDRiD_NAR_051_1024p13.jpg,mask/IDRiD_NAR_051_1024p13.jpg
data_resize/IDRiD_33_p146.jpg,mask/IDRiD_33_p146.jpg
data_resize/IDRiD_NAR_032_p57.jpg,mask/IDRiD_NAR_032_p57.jpg
data_resize/IDRiD_23_p154.jpg,mask/IDRiD_23_p154.jpg
data_resize/IDRiD_NAR_066_1024p26.jpg,mask/IDRiD_NAR_066_1024p26.jpg
data_resize/IDRiD_41_p117.jpg,mask/IDRiD_41_p117.jpg
data_resize/IDRiD_NAR_050_1024p19.jpg,mask/IDRiD_NAR_050_1024p19.jpg
data_resize/IDRiD_48_1024p37.jpg,mask/IDRiD_48_1024p37.jpg
data_resize/IDRiD_NAR_010_p80.jpg,mask/IDRiD_NAR_010_p80.jpg
data_resize/IDRiD_22_1024p1.jpg,mask/IDRiD_22_1024p1.jpg
data_resize/IDRiD_13_1024p8.jpg,mask/IDRiD_13_1024p8.jpg
data_resize/IDRiD_25_1024p34.jpg,mask/IDRiD_25_1024p34.jpg
data_resize/IDRiD_46_p39.jpg,mask/IDRiD_46_p39.jpg
data_resize/IDRiD_48_1024p17.jpg,mask/IDRiD_48_1024p17.jpg
data_resize/IDRiD_35_1024p34.jpg,mask/IDRiD_35_1024p34.jpg
data_resize/IDRiD_NAR_089_1024p20.jpg,mask/IDRiD_NAR_089_1024p20.jpg
data_resize/IDRiD_NAR_038_p17.jpg,mask/IDRiD_NAR_038_p17.jpg
data_resize/IDRiD_31_1024p20.jpg,mask/IDRiD_31_1024p20.jpg
data_resize/IDRiD_52_1024p39.jpg,mask/IDRiD_52_1024p39.jpg
data_resize/IDRiD_39_1024p25.jpg,mask/IDRiD_39_1024p25.jpg
data_resize/IDRiD_31_1024p35.jpg,mask/IDRiD_31_1024p35.jpg
data_resize/IDRiD_39_p139.jpg,mask/IDRiD_39_p139.jpg
data_resize/IDRiD_31_p28.jpg,mask/IDRiD_31_p28.jpg
data_resize/IDRiD_19_1024p12.jpg,mask/IDRiD_19_1024p12.jpg
data_resize/IDRiD_NAR_032_1024p33.jpg,mask/IDRiD_NAR_032_1024p33.jpg
data_resize/IDRiD_13_1024p18.jpg,mask/IDRiD_13_1024p18.jpg
data_resize/IDRiD_31_p43.jpg,mask/IDRiD_31_p43.jpg
data_resize/IDRiD_18_p119.jpg,mask/IDRiD_18_p119.jpg
data_resize/IDRiD_NAR_023_1024p19.jpg,mask/IDRiD_NAR_023_1024p19.jpg
data_resize/IDRiD_NAR_011_p143.jpg,mask/IDRiD_NAR_011_p143.jpg
data_resize/IDRiD_35_p54.jpg,mask/IDRiD_35_p54.jpg
data_resize/IDRiD_08_1024p11.jpg,mask/IDRiD_08_1024p11.jpg
data_resize/IDRiD_NAR_061_p150.jpg,mask/IDRiD_NAR_061_p150.jpg
data_resize/IDRiD_NAR_089_1024p38.jpg,mask/IDRiD_NAR_089_1024p38.jpg
data_resize/IDRiD_32_1024p35.jpg,mask/IDRiD_32_1024p35.jpg
data_resize/IDRiD_14_p42.jpg,mask/IDRiD_14_p42.jpg
data_resize/IDRiD_48_p22.jpg,mask/IDRiD_48_p22.jpg
data_resize/IDRiD_27_1024p9.jpg,mask/IDRiD_27_1024p9.jpg
data_resize/IDRiD_NAR_004_p154.jpg,mask/IDRiD_NAR_004_p154.jpg
data_resize/IDRiD_NAR_077_1024p15.jpg,mask/IDRiD_NAR_077_1024p15.jpg
data_resize/IDRiD_NAR_082_p46.jpg,mask/IDRiD_NAR_082_p46.jpg
data_resize/IDRiD_17_p2.jpg,mask/IDRiD_17_p2.jpg
data_resize/IDRiD_46_p54.jpg,mask/IDRiD_46_p54.jpg
data_resize/IDRiD_NAR_050_1024p32.jpg,mask/IDRiD_NAR_050_1024p32.jpg
data_resize/IDRiD_14_p113.jpg,mask/IDRiD_14_p113.jpg
data_resize/IDRiD_39_p25.jpg,mask/IDRiD_39_p25.jpg
data_resize/IDRiD_NAR_059_p143.jpg,mask/IDRiD_NAR_059_p143.jpg
data_resize/IDRiD_NAR_075_p3.jpg,mask/IDRiD_NAR_075_p3.jpg
data_resize/IDRiD_18_p117.jpg,mask/IDRiD_18_p117.jpg
data_resize/IDRiD_25_1024p12.jpg,mask/IDRiD_25_1024p12.jpg
data_resize/IDRiD_46_1024p2.jpg,mask/IDRiD_46_1024p2.jpg
data_resize/IDRiD_32_p43.jpg,mask/IDRiD_32_p43.jpg
data_resize/IDRiD_29_1024p0.jpg,mask/IDRiD_29_1024p0.jpg
data_resize/IDRiD_NAR_077_1024p3.jpg,mask/IDRiD_NAR_077_1024p3.jpg
data_resize/IDRiD_33_p130.jpg,mask/IDRiD_33_p130.jpg
data_resize/IDRiD_NAR_023_p112.jpg,mask/IDRiD_NAR_023_p112.jpg
data_resize/IDRiD_01_p69.jpg,mask/IDRiD_01_p69.jpg
data_resize/IDRiD_NAR_051_p142.jpg,mask/IDRiD_NAR_051_p142.jpg
data_resize/IDRiD_52_p123.jpg,mask/IDRiD_52_p123.jpg
data_resize/IDRiD_NAR_087_p0.jpg,mask/IDRiD_NAR_087_p0.jpg
data_resize/IDRiD_47_p111.jpg,mask/IDRiD_47_p111.jpg
data_resize/IDRiD_32_1024p34.jpg,mask/IDRiD_32_1024p34.jpg
data_resize/IDRiD_45_p108.jpg,mask/IDRiD_45_p108.jpg
data_resize/IDRiD_NAR_042_p154.jpg,mask/IDRiD_NAR_042_p154.jpg
data_resize/IDRiD_25_p40.jpg,mask/IDRiD_25_p40.jpg
data_resize/IDRiD_50_p70.jpg,mask/IDRiD_50_p70.jpg
data_resize/IDRiD_NAR_078_1024p6.jpg,mask/IDRiD_NAR_078_1024p6.jpg
data_resize/IDRiD_25_p117.jpg,mask/IDRiD_25_p117.jpg
data_resize/IDRiD_NAR_005_p73.jpg,mask/IDRiD_NAR_005_p73.jpg
data_resize/IDRiD_NAR_002_1024p14.jpg,mask/IDRiD_NAR_002_1024p14.jpg
data_resize/IDRiD_31_p9.jpg,mask/IDRiD_31_p9.jpg
data_resize/IDRiD_46_p136.jpg,mask/IDRiD_46_p136.jpg
data_resize/IDRiD_19_p8.jpg,mask/IDRiD_19_p8.jpg
data_resize/IDRiD_51_1024p9.jpg,mask/IDRiD_51_1024p9.jpg
data_resize/IDRiD_48_p99.jpg,mask/IDRiD_48_p99.jpg
data_resize/IDRiD_23_p122.jpg,mask/IDRiD_23_p122.jpg
data_resize/IDRiD_NAR_073_p33.jpg,mask/IDRiD_NAR_073_p33.jpg
data_resize/IDRiD_19_1024p3.jpg,mask/IDRiD_19_1024p3.jpg
data_resize/IDRiD_35_1024p4.jpg,mask/IDRiD_35_1024p4.jpg
data_resize/IDRiD_NAR_009_p14.jpg,mask/IDRiD_NAR_009_p14.jpg
data_resize/IDRiD_50_1024p30.jpg,mask/IDRiD_50_1024p30.jpg
data_resize/IDRiD_39_p2.jpg,mask/IDRiD_39_p2.jpg
data_resize/IDRiD_05_1024p0.jpg,mask/IDRiD_05_1024p0.jpg
data_resize/IDRiD_NAR_046_1024p17.jpg,mask/IDRiD_NAR_046_1024p17.jpg
data_resize/IDRiD_NAR_010_p48.jpg,mask/IDRiD_NAR_010_p48.jpg
data_resize/IDRiD_48_p14.jpg,mask/IDRiD_48_p14.jpg
data_resize/IDRiD_NAR_002_p56.jpg,mask/IDRiD_NAR_002_p56.jpg
data_resize/IDRiD_49_p36.jpg,mask/IDRiD_49_p36.jpg
data_resize/IDRiD_48_p125.jpg,mask/IDRiD_48_p125.jpg
data_resize/IDRiD_NAR_071_1024p28.jpg,mask/IDRiD_NAR_071_1024p28.jpg
data_resize/IDRiD_18_1024p6.jpg,mask/IDRiD_18_1024p6.jpg
data_resize/IDRiD_25_1024p21.jpg,mask/IDRiD_25_1024p21.jpg
data_resize/IDRiD_46_p114.jpg,mask/IDRiD_46_p114.jpg
data_resize/IDRiD_NAR_011_p140.jpg,mask/IDRiD_NAR_011_p140.jpg
data_resize/IDRiD_45_p75.jpg,mask/IDRiD_45_p75.jpg
data_resize/IDRiD_NAR_039_p54.jpg,mask/IDRiD_NAR_039_p54.jpg
data_resize/IDRiD_38_p125.jpg,mask/IDRiD_38_p125.jpg
data_resize/IDRiD_46_1024p27.jpg,mask/IDRiD_46_1024p27.jpg
data_resize/IDRiD_NAR_006_1024p18.jpg,mask/IDRiD_NAR_006_1024p18.jpg
data_resize/IDRiD_17_p103.jpg,mask/IDRiD_17_p103.jpg
data_resize/IDRiD_NAR_055_1024p0.jpg,mask/IDRiD_NAR_055_1024p0.jpg
data_resize/IDRiD_NAR_009_1024p30.jpg,mask/IDRiD_NAR_009_1024p30.jpg
data_resize/IDRiD_53_p110.jpg,mask/IDRiD_53_p110.jpg
data_resize/IDRiD_51_p152.jpg,mask/IDRiD_51_p152.jpg
data_resize/IDRiD_NAR_086_p132.jpg,mask/IDRiD_NAR_086_p132.jpg
data_resize/IDRiD_21_1024p26.jpg,mask/IDRiD_21_1024p26.jpg
data_resize/IDRiD_13_p69.jpg,mask/IDRiD_13_p69.jpg
data_resize/IDRiD_18_1024p5.jpg,mask/IDRiD_18_1024p5.jpg
data_resize/IDRiD_19_p9.jpg,mask/IDRiD_19_p9.jpg
data_resize/IDRiD_53_1024p38.jpg,mask/IDRiD_53_1024p38.jpg
data_resize/IDRiD_NAR_056_p118.jpg,mask/IDRiD_NAR_056_p118.jpg
data_resize/IDRiD_49_p22.jpg,mask/IDRiD_49_p22.jpg
data_resize/IDRiD_38_p43.jpg,mask/IDRiD_38_p43.jpg
data_resize/IDRiD_NAR_007_p126.jpg,mask/IDRiD_NAR_007_p126.jpg
data_resize/IDRiD_32_p10.jpg,mask/IDRiD_32_p10.jpg
data_resize/IDRiD_NAR_074_p89.jpg,mask/IDRiD_NAR_074_p89.jpg
data_resize/IDRiD_13_p89.jpg,mask/IDRiD_13_p89.jpg
data_resize/IDRiD_NAR_058_p101.jpg,mask/IDRiD_NAR_058_p101.jpg
data_resize/IDRiD_17_1024p19.jpg,mask/IDRiD_17_1024p19.jpg
data_resize/IDRiD_48_p83.jpg,mask/IDRiD_48_p83.jpg
data_resize/IDRiD_38_1024p14.jpg,mask/IDRiD_38_1024p14.jpg
data_resize/IDRiD_NAR_045_1024p1.jpg,mask/IDRiD_NAR_045_1024p1.jpg
data_resize/IDRiD_NAR_055_p9.jpg,mask/IDRiD_NAR_055_p9.jpg
data_resize/IDRiD_04_p152.jpg,mask/IDRiD_04_p152.jpg
data_resize/IDRiD_NAR_080_p108.jpg,mask/IDRiD_NAR_080_p108.jpg
data_resize/IDRiD_NAR_003_1024p10.jpg,mask/IDRiD_NAR_003_1024p10.jpg
data_resize/IDRiD_NAR_002_p110.jpg,mask/IDRiD_NAR_002_p110.jpg
data_resize/IDRiD_31_p65.jpg,mask/IDRiD_31_p65.jpg
data_resize/IDRiD_NAR_006_p150.jpg,mask/IDRiD_NAR_006_p150.jpg
data_resize/IDRiD_36_p129.jpg,mask/IDRiD_36_p129.jpg
data_resize/IDRiD_NAR_063_1024p24.jpg,mask/IDRiD_NAR_063_1024p24.jpg
data_resize/IDRiD_NAR_043_p143.jpg,mask/IDRiD_NAR_043_p143.jpg
data_resize/IDRiD_NAR_067_1024p25.jpg,mask/IDRiD_NAR_067_1024p25.jpg
data_resize/IDRiD_30_1024p37.jpg,mask/IDRiD_30_1024p37.jpg
data_resize/IDRiD_07_p128.jpg,mask/IDRiD_07_p128.jpg
data_resize/IDRiD_NAR_040_p111.jpg,mask/IDRiD_NAR_040_p111.jpg
data_resize/IDRiD_NAR_021_p142.jpg,mask/IDRiD_NAR_021_p142.jpg
data_resize/IDRiD_39_p131.jpg,mask/IDRiD_39_p131.jpg
data_resize/IDRiD_25_p99.jpg,mask/IDRiD_25_p99.jpg
data_resize/IDRiD_NAR_021_p105.jpg,mask/IDRiD_NAR_021_p105.jpg
data_resize/IDRiD_53_1024p23.jpg,mask/IDRiD_53_1024p23.jpg
data_resize/IDRiD_42_p34.jpg,mask/IDRiD_42_p34.jpg
data_resize/IDRiD_NAR_079_p105.jpg,mask/IDRiD_NAR_079_p105.jpg
data_resize/IDRiD_17_p154.jpg,mask/IDRiD_17_p154.jpg
data_resize/IDRiD_35_p146.jpg,mask/IDRiD_35_p146.jpg
data_resize/IDRiD_13_1024p26.jpg,mask/IDRiD_13_1024p26.jpg
data_resize/IDRiD_NAR_070_p119.jpg,mask/IDRiD_NAR_070_p119.jpg
data_resize/IDRiD_NAR_044_p16.jpg,mask/IDRiD_NAR_044_p16.jpg
data_resize/IDRiD_51_p119.jpg,mask/IDRiD_51_p119.jpg
data_resize/IDRiD_39_1024p1.jpg,mask/IDRiD_39_1024p1.jpg
data_resize/IDRiD_39_p152.jpg,mask/IDRiD_39_p152.jpg
data_resize/IDRiD_NAR_078_p103.jpg,mask/IDRiD_NAR_078_p103.jpg
data_resize/IDRiD_NAR_073_p37.jpg,mask/IDRiD_NAR_073_p37.jpg
data_resize/IDRiD_31_1024p9.jpg,mask/IDRiD_31_1024p9.jpg
data_resize/IDRiD_NAR_040_p129.jpg,mask/IDRiD_NAR_040_p129.jpg
data_resize/IDRiD_09_p71.jpg,mask/IDRiD_09_p71.jpg
data_resize/IDRiD_10_p38.jpg,mask/IDRiD_10_p38.jpg
data_resize/IDRiD_39_p132.jpg,mask/IDRiD_39_p132.jpg
data_resize/IDRiD_NAR_079_1024p28.jpg,mask/IDRiD_NAR_079_1024p28.jpg
data_resize/IDRiD_NAR_081_p140.jpg,mask/IDRiD_NAR_081_p140.jpg
data_resize/IDRiD_NAR_061_1024p13.jpg,mask/IDRiD_NAR_061_1024p13.jpg
data_resize/IDRiD_NAR_014_p98.jpg,mask/IDRiD_NAR_014_p98.jpg
data_resize/IDRiD_49_p21.jpg,mask/IDRiD_49_p21.jpg
data_resize/IDRiD_17_1024p29.jpg,mask/IDRiD_17_1024p29.jpg
data_resize/IDRiD_NAR_028_p121.jpg,mask/IDRiD_NAR_028_p121.jpg
data_resize/IDRiD_NAR_048_1024p23.jpg,mask/IDRiD_NAR_048_1024p23.jpg
data_resize/IDRiD_02_1024p19.jpg,mask/IDRiD_02_1024p19.jpg
data_resize/IDRiD_NAR_016_p145.jpg,mask/IDRiD_NAR_016_p145.jpg
data_resize/IDRiD_30_p10.jpg,mask/IDRiD_30_p10.jpg
data_resize/IDRiD_22_p150.jpg,mask/IDRiD_22_p150.jpg
data_resize/IDRiD_25_1024p1.jpg,mask/IDRiD_25_1024p1.jpg
data_resize/IDRiD_48_1024p1.jpg,mask/IDRiD_48_1024p1.jpg
data_resize/IDRiD_NAR_028_p105.jpg,mask/IDRiD_NAR_028_p105.jpg
data_resize/IDRiD_NAR_048_1024p4.jpg,mask/IDRiD_NAR_048_1024p4.jpg
data_resize/IDRiD_23_1024p5.jpg,mask/IDRiD_23_1024p5.jpg
data_resize/IDRiD_52_p43.jpg,mask/IDRiD_52_p43.jpg
data_resize/IDRiD_NAR_055_p157.jpg,mask/IDRiD_NAR_055_p157.jpg
data_resize/IDRiD_05_1024p5.jpg,mask/IDRiD_05_1024p5.jpg
data_resize/IDRiD_NAR_063_1024p14.jpg,mask/IDRiD_NAR_063_1024p14.jpg
data_resize/IDRiD_08_p37.jpg,mask/IDRiD_08_p37.jpg
data_resize/IDRiD_39_p147.jpg,mask/IDRiD_39_p147.jpg
data_resize/IDRiD_07_1024p17.jpg,mask/IDRiD_07_1024p17.jpg
data_resize/IDRiD_08_1024p2.jpg,mask/IDRiD_08_1024p2.jpg
data_resize/IDRiD_17_p19.jpg,mask/IDRiD_17_p19.jpg
data_resize/IDRiD_03_1024p12.jpg,mask/IDRiD_03_1024p12.jpg
data_resize/IDRiD_27_1024p24.jpg,mask/IDRiD_27_1024p24.jpg
data_resize/IDRiD_NAR_075_p122.jpg,mask/IDRiD_NAR_075_p122.jpg
data_resize/IDRiD_54_1024p34.jpg,mask/IDRiD_54_1024p34.jpg
data_resize/IDRiD_46_1024p12.jpg,mask/IDRiD_46_1024p12.jpg
data_resize/IDRiD_NAR_054_p151.jpg,mask/IDRiD_NAR_054_p151.jpg
data_resize/IDRiD_17_1024p28.jpg,mask/IDRiD_17_1024p28.jpg
